user_id,session_id,timestamp,event_type,value
U01,U01_S1,1788100073,filter_run,38.5
U01,U01_S1,1788100149,complex_filter,1
U01,U01_S1,1788100149,filter_run,26.1
U01,U01_S1,1788100181,filter_run,35.3
U01,U01_S1,1788100233,filter_run,33.1
U01,U01_S1,1788100301,complex_filter,1
U01,U01_S1,1788100301,filter_run,32.6
U01,U01_S1,1788100358,semantic_error,1
U01,U01_S1,1788100358,filter_run,44.5
U01,U01_S1,1788100417,template_used,1
U01,U01_S1,1788100417,filter_run,31.3
U01,U01_S1,1788100507,syntax_error,1
U01,U01_S1,1788100507,filter_run,40.4
U01,U01_S1,1788100589,filter_run,19.7
U01,U01_S1,1788100674,syntax_error,1
U01,U01_S1,1788100674,filter_run,29.8
U01,U01_S1,1788100700,filter_run,35.8
U01,U01_S2,1788100781,filter_run,30.0
U01,U01_S2,1788100859,filter_run,42.0
U01,U01_S2,1788100930,semantic_error,1
U01,U01_S2,1788100930,filter_run,36.3
U01,U01_S2,1788101011,filter_run,37.4
U01,U01_S2,1788101050,filter_run,36.1
U01,U01_S2,1788101136,filter_run,34.3
U01,U01_S2,1788101219,filter_run,29.9
U01,U01_S2,1788101276,complex_filter,1
U01,U01_S2,1788101276,filter_run,32.6
U01,U01_S2,1788101361,filter_run,26.0
U01,U01_S2,1788101435,complex_filter,1
U01,U01_S2,1788101435,filter_run,36.1
U01,U01_S2,1788101467,filter_run,44.8
U01,U01_S3,1788101498,template_used,1
U01,U01_S3,1788101498,filter_run,47.0
U01,U01_S3,1788101549,syntax_error,1
U01,U01_S3,1788101549,filter_run,42.6
U01,U01_S3,1788101614,syntax_error,1
U01,U01_S3,1788101614,filter_run,44.0
U01,U01_S3,1788101651,filter_run,34.2
U01,U01_S3,1788101735,filter_run,44.4
U01,U01_S3,1788101794,filter_run,45.4
U01,U01_S3,1788101839,filter_run,48.0
U01,U01_S3,1788101904,complex_filter,1
U01,U01_S3,1788101904,filter_run,42.3
U01,U01_S3,1788101984,syntax_error,1
U01,U01_S3,1788101984,filter_run,44.9
U01,U01_S3,1788102025,filter_run,33.9
U01,U01_S4,1788102103,complex_filter,1
U01,U01_S4,1788102103,filter_run,32.8
U01,U01_S4,1788102145,filter_run,38.9
U01,U01_S4,1788102222,filter_run,35.7
U01,U01_S4,1788102309,filter_run,35.1
U01,U01_S4,1788102346,filter_run,30.1
U01,U01_S4,1788102376,syntax_error,1
U01,U01_S4,1788102376,filter_run,39.5
U01,U01_S4,1788102449,syntax_error,1
U01,U01_S4,1788102449,filter_run,28.3
U01,U01_S4,1788102504,filter_run,34.9
U01,U01_S4,1788102535,filter_run,39.0
U01,U01_S4,1788102578,filter_run,23.6
U01,U01_S4,1788102666,filter_run,36.4
U01,U01_S4,1788102723,filter_run,25.5
U02,U02_S1,1788200043,syntax_error,1
U02,U02_S1,1788200043,filter_run,72.6
U02,U02_S1,1788200083,syntax_error,1
U02,U02_S1,1788200083,filter_run,61.0
U02,U02_S1,1788200135,syntax_error,1
U02,U02_S1,1788200135,complex_filter,1
U02,U02_S1,1788200135,filter_run,62.8
U02,U02_S1,1788200199,filter_run,62.5
U02,U02_S1,1788200223,filter_run,26.9
U02,U02_S1,1788200258,filter_run,58.6
U02,U02_S1,1788200310,filter_run,51.5
U02,U02_S1,1788200333,filter_run,42.4
U02,U02_S1,1788200368,filter_run,76.0
U02,U02_S1,1788200413,filter_run,55.5
U02,U02_S1,1788200448,syntax_error,1
U02,U02_S1,1788200448,filter_run,51.2
U02,U02_S1,1788200484,filter_run,50.6
U02,U02_S2,1788200532,syntax_error,1
U02,U02_S2,1788200532,filter_run,40.6
U02,U02_S2,1788200584,syntax_error,1
U02,U02_S2,1788200584,filter_run,49.1
U02,U02_S2,1788200657,filter_run,37.2
U02,U02_S2,1788200747,template_used,1
U02,U02_S2,1788200747,filter_run,42.2
U02,U02_S2,1788200800,filter_run,69.2
U02,U02_S2,1788200851,filter_run,58.5
U02,U02_S2,1788200890,filter_run,75.2
U02,U02_S2,1788200939,filter_run,48.8
U02,U02_S2,1788201006,filter_run,35.8
U02,U02_S2,1788201065,filter_run,54.9
U02,U02_S2,1788201085,filter_run,47.3
U02,U02_S2,1788201127,filter_run,36.1
U02,U02_S2,1788201164,semantic_error,1
U02,U02_S2,1788201164,filter_run,60.8
U02,U02_S3,1788201189,filter_run,40.2
U02,U02_S3,1788201275,filter_run,56.1
U02,U02_S3,1788201344,complex_filter,1
U02,U02_S3,1788201344,filter_run,55.2
U02,U02_S3,1788201388,filter_run,36.1
U02,U02_S3,1788201432,filter_run,71.8
U02,U02_S3,1788201513,filter_run,55.2
U02,U02_S3,1788201601,filter_run,32.9
U02,U02_S3,1788201690,syntax_error,1
U02,U02_S3,1788201690,filter_run,47.4
U02,U02_S3,1788201757,filter_run,36.5
U02,U02_S3,1788201808,filter_run,62.7
U02,U02_S3,1788201876,filter_run,41.1
U02,U02_S3,1788201956,syntax_error,1
U02,U02_S3,1788201956,filter_run,47.7
U02,U02_S4,1788202020,filter_run,42.2
U02,U02_S4,1788202103,filter_run,56.7
U02,U02_S4,1788202165,filter_run,60.5
U02,U02_S4,1788202248,semantic_error,1
U02,U02_S4,1788202248,filter_run,48.5
U02,U02_S4,1788202312,filter_run,43.6
U02,U02_S4,1788202351,filter_run,44.1
U02,U02_S4,1788202386,filter_run,55.2
U02,U02_S4,1788202424,filter_run,61.8
U02,U02_S4,1788202478,filter_run,64.5
U02,U02_S4,1788202500,filter_run,65.1
U02,U02_S4,1788202583,filter_run,60.8
U02,U02_S4,1788202672,filter_run,60.6
U02,U02_S4,1788202714,template_used,1
U02,U02_S4,1788202714,filter_run,55.2
U02,U02_S4,1788202776,filter_run,57.6
U03,U03_S1,1788300061,template_used,1
U03,U03_S1,1788300061,syntax_error,1
U03,U03_S1,1788300061,filter_run,30.4
U03,U03_S1,1788300128,filter_run,49.3
U03,U03_S1,1788300190,filter_run,45.9
U03,U03_S1,1788300231,syntax_error,1
U03,U03_S1,1788300231,filter_run,41.9
U03,U03_S1,1788300254,filter_run,43.3
U03,U03_S1,1788300339,filter_run,41.5
U03,U03_S1,1788300403,filter_run,39.3
U03,U03_S1,1788300464,syntax_error,1
U03,U03_S1,1788300464,complex_filter,1
U03,U03_S1,1788300464,filter_run,47.9
U03,U03_S1,1788300543,filter_run,39.8
U03,U03_S1,1788300614,filter_run,54.2
U03,U03_S1,1788300699,filter_run,35.6
U03,U03_S1,1788300780,filter_run,37.8
U03,U03_S2,1788300843,syntax_error,1
U03,U03_S2,1788300843,filter_run,37.8
U03,U03_S2,1788300895,filter_run,51.0
U03,U03_S2,1788300942,template_used,1
U03,U03_S2,1788300942,filter_run,34.7
U03,U03_S2,1788301029,semantic_error,1
U03,U03_S2,1788301029,filter_run,42.3
U03,U03_S2,1788301090,filter_run,38.8
U03,U03_S2,1788301179,filter_run,45.8
U03,U03_S2,1788301206,filter_run,47.0
U03,U03_S2,1788301264,syntax_error,1
U03,U03_S2,1788301264,filter_run,37.6
U03,U03_S2,1788301307,filter_run,50.3
U03,U03_S2,1788301379,filter_run,48.9
U03,U03_S2,1788301445,semantic_error,1
U03,U03_S2,1788301445,filter_run,44.2
U03,U03_S2,1788301506,filter_run,50.4
U03,U03_S2,1788301558,syntax_error,1
U03,U03_S2,1788301558,filter_run,45.9
U03,U03_S2,1788301589,filter_run,46.0
U03,U03_S2,1788301672,semantic_error,1
U03,U03_S2,1788301672,filter_run,48.3
U03,U03_S3,1788301750,filter_run,34.7
U03,U03_S3,1788301831,filter_run,34.4
U03,U03_S3,1788301865,filter_run,39.2
U03,U03_S3,1788301911,semantic_error,1
U03,U03_S3,1788301911,filter_run,37.0
U03,U03_S3,1788301934,semantic_error,1
U03,U03_S3,1788301934,filter_run,39.2
U03,U03_S3,1788302004,template_used,1
U03,U03_S3,1788302004,filter_run,54.2
U03,U03_S3,1788302069,semantic_error,1
U03,U03_S3,1788302069,filter_run,49.7
U03,U03_S3,1788302095,filter_run,39.1
U03,U03_S3,1788302147,syntax_error,1
U03,U03_S3,1788302147,filter_run,45.2
U03,U03_S3,1788302179,complex_filter,1
U03,U03_S3,1788302179,filter_run,26.2
U03,U03_S3,1788302204,filter_run,31.9
U03,U03_S3,1788302282,filter_run,48.5
U03,U03_S3,1788302342,syntax_error,1
U03,U03_S3,1788302342,filter_run,40.1
U03,U03_S4,1788302371,filter_run,60.3
U03,U03_S4,1788302433,filter_run,30.7
U03,U03_S4,1788302484,filter_run,54.1
U03,U03_S4,1788302557,template_used,1
U03,U03_S4,1788302557,filter_run,39.9
U03,U03_S4,1788302637,complex_filter,1
U03,U03_S4,1788302637,filter_run,42.1
U03,U03_S4,1788302684,syntax_error,1
U03,U03_S4,1788302684,filter_run,38.9
U03,U03_S4,1788302738,filter_run,48.3
U03,U03_S4,1788302803,filter_run,44.0
U03,U03_S4,1788302850,filter_run,43.8
U03,U03_S4,1788302884,filter_run,44.5
U03,U03_S4,1788302910,filter_run,37.5
U03,U03_S4,1788302977,semantic_error,1
U03,U03_S4,1788302977,filter_run,46.5
U03,U03_S4,1788303011,complex_filter,1
U03,U03_S4,1788303011,filter_run,26.0
U03,U03_S4,1788303090,filter_run,55.4
U03,U03_S4,1788303134,complex_filter,1
U03,U03_S4,1788303134,filter_run,33.6
U04,U04_S1,1788400080,semantic_error,1
U04,U04_S1,1788400080,filter_run,29.0
U04,U04_S1,1788400169,filter_run,34.3
U04,U04_S1,1788400218,filter_run,43.1
U04,U04_S1,1788400249,filter_run,37.2
U04,U04_S1,1788400290,filter_run,34.9
U04,U04_S1,1788400331,syntax_error,1
U04,U04_S1,1788400331,filter_run,45.9
U04,U04_S1,1788400417,filter_run,33.1
U04,U04_S1,1788400478,filter_run,27.2
U04,U04_S1,1788400546,filter_run,33.7
U04,U04_S1,1788400611,complex_filter,1
U04,U04_S1,1788400611,filter_run,31.3
U04,U04_S2,1788400661,filter_run,27.6
U04,U04_S2,1788400703,filter_run,29.9
U04,U04_S2,1788400766,syntax_error,1
U04,U04_S2,1788400766,filter_run,29.2
U04,U04_S2,1788400806,filter_run,25.4
U04,U04_S2,1788400840,syntax_error,1
U04,U04_S2,1788400840,filter_run,36.0
U04,U04_S2,1788400897,filter_run,34.3
U04,U04_S2,1788400973,semantic_error,1
U04,U04_S2,1788400973,filter_run,40.7
U04,U04_S2,1788401028,filter_run,37.5
U04,U04_S2,1788401086,filter_run,33.1
U04,U04_S2,1788401127,filter_run,40.3
U04,U04_S2,1788401184,filter_run,41.3
U04,U04_S2,1788401225,syntax_error,1
U04,U04_S2,1788401225,filter_run,27.6
U04,U04_S3,1788401295,filter_run,26.7
U04,U04_S3,1788401348,filter_run,31.5
U04,U04_S3,1788401433,filter_run,29.0
U04,U04_S3,1788401469,filter_run,45.1
U04,U04_S3,1788401496,filter_run,24.5
U04,U04_S3,1788401568,filter_run,32.2
U04,U04_S3,1788401653,filter_run,20.6
U04,U04_S3,1788401717,complex_filter,1
U04,U04_S3,1788401717,filter_run,32.5
U04,U04_S3,1788401804,filter_run,40.2
U04,U04_S3,1788401872,filter_run,23.6
U04,U04_S3,1788401905,semantic_error,1
U04,U04_S3,1788401905,filter_run,35.7
U04,U04_S3,1788401949,filter_run,26.5
U04,U04_S3,1788401983,semantic_error,1
U04,U04_S3,1788401983,filter_run,42.2
U04,U04_S3,1788402056,complex_filter,1
U04,U04_S3,1788402056,filter_run,32.6
U04,U04_S4,1788402119,filter_run,23.5
U04,U04_S4,1788402163,filter_run,21.5
U04,U04_S4,1788402206,filter_run,18.5
U04,U04_S4,1788402238,filter_run,33.9
U04,U04_S4,1788402274,filter_run,38.3
U04,U04_S4,1788402301,filter_run,30.8
U04,U04_S4,1788402327,complex_filter,1
U04,U04_S4,1788402327,filter_run,29.3
U04,U04_S4,1788402401,complex_filter,1
U04,U04_S4,1788402401,filter_run,23.4
U04,U04_S4,1788402439,filter_run,34.8
U04,U04_S4,1788402487,filter_run,20.2
U05,U05_S1,1788500059,filter_run,42.4
U05,U05_S1,1788500111,semantic_error,1
U05,U05_S1,1788500111,filter_run,47.9
U05,U05_S1,1788500157,filter_run,57.5
U05,U05_S1,1788500216,semantic_error,1
U05,U05_S1,1788500216,filter_run,62.9
U05,U05_S1,1788500261,filter_run,60.2
U05,U05_S1,1788500324,filter_run,43.1
U05,U05_S1,1788500392,filter_run,63.9
U05,U05_S1,1788500469,filter_run,48.4
U05,U05_S1,1788500534,filter_run,40.8
U05,U05_S1,1788500613,semantic_error,1
U05,U05_S1,1788500613,filter_run,50.1
U05,U05_S1,1788500702,syntax_error,1
U05,U05_S1,1788500702,filter_run,43.6
U05,U05_S1,1788500754,template_used,1
U05,U05_S1,1788500754,syntax_error,1
U05,U05_S1,1788500754,filter_run,65.9
U05,U05_S1,1788500820,filter_run,58.8
U05,U05_S1,1788500906,syntax_error,1
U05,U05_S1,1788500906,filter_run,56.4
U05,U05_S2,1788500940,syntax_error,1
U05,U05_S2,1788500940,filter_run,63.7
U05,U05_S2,1788501009,template_used,1
U05,U05_S2,1788501009,filter_run,45.6
U05,U05_S2,1788501032,filter_run,36.6
U05,U05_S2,1788501108,syntax_error,1
U05,U05_S2,1788501108,filter_run,55.3
U05,U05_S2,1788501196,complex_filter,1
U05,U05_S2,1788501196,filter_run,34.7
U05,U05_S2,1788501277,filter_run,49.0
U05,U05_S2,1788501333,syntax_error,1
U05,U05_S2,1788501333,filter_run,55.3
U05,U05_S2,1788501372,semantic_error,1
U05,U05_S2,1788501372,filter_run,43.5
U05,U05_S2,1788501405,filter_run,62.8
U05,U05_S2,1788501426,filter_run,42.1
U05,U05_S2,1788501474,syntax_error,1
U05,U05_S2,1788501474,filter_run,47.3
U05,U05_S3,1788501553,filter_run,39.3
U05,U05_S3,1788501594,filter_run,33.3
U05,U05_S3,1788501674,syntax_error,1
U05,U05_S3,1788501674,filter_run,49.8
U05,U05_S3,1788501702,filter_run,36.6
U05,U05_S3,1788501790,filter_run,66.6
U05,U05_S3,1788501838,filter_run,46.7
U05,U05_S3,1788501916,filter_run,39.8
U05,U05_S3,1788501949,semantic_error,1
U05,U05_S3,1788501949,filter_run,49.3
U05,U05_S3,1788502007,filter_run,45.7
U05,U05_S3,1788502033,filter_run,51.5
U05,U05_S3,1788502122,template_used,1
U05,U05_S3,1788502122,filter_run,33.3
U05,U05_S4,1788502182,filter_run,32.2
U05,U05_S4,1788502230,filter_run,43.2
U05,U05_S4,1788502313,filter_run,33.3
U05,U05_S4,1788502379,filter_run,33.2
U05,U05_S4,1788502466,filter_run,50.1
U05,U05_S4,1788502488,complex_filter,1
U05,U05_S4,1788502488,filter_run,45.2
U05,U05_S4,1788502513,filter_run,53.3
U05,U05_S4,1788502578,filter_run,52.4
U05,U05_S4,1788502626,filter_run,40.1
U05,U05_S4,1788502650,filter_run,38.6
U05,U05_S4,1788502720,filter_run,42.8
U05,U05_S4,1788502762,filter_run,50.4
U05,U05_S4,1788502837,syntax_error,1
U05,U05_S4,1788502837,filter_run,47.5
U05,U05_S4,1788502919,filter_run,30.4
U05,U05_S4,1788502981,filter_run,42.8
U06,U06_S1,1788600025,filter_run,46.9
U06,U06_S1,1788600082,filter_run,45.7
U06,U06_S1,1788600110,filter_run,34.5
U06,U06_S1,1788600170,semantic_error,1
U06,U06_S1,1788600170,filter_run,53.0
U06,U06_S1,1788600221,filter_run,44.4
U06,U06_S1,1788600269,complex_filter,1
U06,U06_S1,1788600269,filter_run,38.7
U06,U06_S1,1788600324,semantic_error,1
U06,U06_S1,1788600324,filter_run,43.8
U06,U06_S1,1788600353,semantic_error,1
U06,U06_S1,1788600353,filter_run,47.4
U06,U06_S1,1788600420,complex_filter,1
U06,U06_S1,1788600420,filter_run,56.1
U06,U06_S1,1788600440,filter_run,45.5
U06,U06_S1,1788600476,template_used,1
U06,U06_S1,1788600476,filter_run,41.2
U06,U06_S1,1788600509,semantic_error,1
U06,U06_S1,1788600509,filter_run,20.7
U06,U06_S1,1788600533,syntax_error,1
U06,U06_S1,1788600533,filter_run,40.4
U06,U06_S2,1788600614,filter_run,52.9
U06,U06_S2,1788600685,filter_run,26.9
U06,U06_S2,1788600735,syntax_error,1
U06,U06_S2,1788600735,filter_run,38.2
U06,U06_S2,1788600794,template_used,1
U06,U06_S2,1788600794,semantic_error,1
U06,U06_S2,1788600794,filter_run,40.1
U06,U06_S2,1788600863,complex_filter,1
U06,U06_S2,1788600863,filter_run,35.2
U06,U06_S2,1788600927,filter_run,39.5
U06,U06_S2,1788600957,syntax_error,1
U06,U06_S2,1788600957,filter_run,41.5
U06,U06_S2,1788601034,filter_run,40.3
U06,U06_S2,1788601076,filter_run,39.6
U06,U06_S2,1788601120,syntax_error,1
U06,U06_S2,1788601120,filter_run,35.9
U06,U06_S2,1788601152,syntax_error,1
U06,U06_S2,1788601152,filter_run,43.5
U06,U06_S2,1788601185,filter_run,25.1
U06,U06_S2,1788601256,syntax_error,1
U06,U06_S2,1788601256,filter_run,44.8
U06,U06_S2,1788601305,syntax_error,1
U06,U06_S2,1788601305,filter_run,40.6
U06,U06_S3,1788601343,filter_run,39.6
U06,U06_S3,1788601374,semantic_error,1
U06,U06_S3,1788601374,filter_run,45.1
U06,U06_S3,1788601414,semantic_error,1
U06,U06_S3,1788601414,filter_run,33.4
U06,U06_S3,1788601455,filter_run,39.1
U06,U06_S3,1788601497,template_used,1
U06,U06_S3,1788601497,filter_run,44.2
U06,U06_S3,1788601536,syntax_error,1
U06,U06_S3,1788601536,filter_run,45.1
U06,U06_S3,1788601622,filter_run,38.9
U06,U06_S3,1788601688,template_used,1
U06,U06_S3,1788601688,semantic_error,1
U06,U06_S3,1788601688,filter_run,26.1
U06,U06_S3,1788601774,complex_filter,1
U06,U06_S3,1788601774,filter_run,39.2
U06,U06_S3,1788601862,syntax_error,1
U06,U06_S3,1788601862,filter_run,39.1
U06,U06_S3,1788601925,filter_run,36.2
U06,U06_S3,1788601969,filter_run,25.1
U06,U06_S3,1788602006,complex_filter,1
U06,U06_S3,1788602006,filter_run,33.4
U06,U06_S3,1788602077,syntax_error,1
U06,U06_S3,1788602077,filter_run,36.4
U06,U06_S4,1788602104,syntax_error,1
U06,U06_S4,1788602104,filter_run,46.0
U06,U06_S4,1788602174,filter_run,34.9
U06,U06_S4,1788602210,filter_run,36.3
U06,U06_S4,1788602255,filter_run,33.7
U06,U06_S4,1788602281,filter_run,46.3
U06,U06_S4,1788602361,filter_run,32.7
U06,U06_S4,1788602415,complex_filter,1
U06,U06_S4,1788602415,filter_run,31.5
U06,U06_S4,1788602487,syntax_error,1
U06,U06_S4,1788602487,filter_run,40.9
U06,U06_S4,1788602520,semantic_error,1
U06,U06_S4,1788602520,filter_run,39.2
U06,U06_S4,1788602560,complex_filter,1
U06,U06_S4,1788602560,filter_run,40.4
U06,U06_S4,1788602595,filter_run,27.5
U06,U06_S4,1788602680,syntax_error,1
U06,U06_S4,1788602680,filter_run,24.4
U06,U06_S4,1788602717,filter_run,26.4
U07,U07_S1,1788700086,filter_run,32.1
U07,U07_S1,1788700174,filter_run,49.7
U07,U07_S1,1788700215,filter_run,43.6
U07,U07_S1,1788700271,semantic_error,1
U07,U07_S1,1788700271,filter_run,44.6
U07,U07_S1,1788700311,filter_run,40.6
U07,U07_S1,1788700393,filter_run,38.1
U07,U07_S1,1788700472,filter_run,46.8
U07,U07_S1,1788700498,filter_run,28.3
U07,U07_S1,1788700519,syntax_error,1
U07,U07_S1,1788700519,filter_run,54.8
U07,U07_S1,1788700568,filter_run,40.9
U07,U07_S1,1788700657,complex_filter,1
U07,U07_S1,1788700657,filter_run,39.0
U07,U07_S2,1788700728,filter_run,37.6
U07,U07_S2,1788700779,syntax_error,1
U07,U07_S2,1788700779,filter_run,55.9
U07,U07_S2,1788700815,filter_run,49.5
U07,U07_S2,1788700899,complex_filter,1
U07,U07_S2,1788700899,filter_run,42.7
U07,U07_S2,1788700957,filter_run,60.5
U07,U07_S2,1788701008,syntax_error,1
U07,U07_S2,1788701008,filter_run,47.7
U07,U07_S2,1788701096,filter_run,38.6
U07,U07_S2,1788701179,semantic_error,1
U07,U07_S2,1788701179,filter_run,17.1
U07,U07_S2,1788701262,syntax_error,1
U07,U07_S2,1788701262,filter_run,53.1
U07,U07_S2,1788701345,template_used,1
U07,U07_S2,1788701345,semantic_error,1
U07,U07_S2,1788701345,filter_run,53.5
U07,U07_S2,1788701383,filter_run,51.8
U07,U07_S2,1788701409,filter_run,41.9
U07,U07_S2,1788701464,semantic_error,1
U07,U07_S2,1788701464,filter_run,39.9
U07,U07_S2,1788701533,syntax_error,1
U07,U07_S2,1788701533,filter_run,60.4
U07,U07_S3,1788701609,syntax_error,1
U07,U07_S3,1788701609,filter_run,44.6
U07,U07_S3,1788701666,filter_run,37.2
U07,U07_S3,1788701736,filter_run,58.0
U07,U07_S3,1788701760,syntax_error,1
U07,U07_S3,1788701760,filter_run,48.6
U07,U07_S3,1788701830,filter_run,48.1
U07,U07_S3,1788701861,semantic_error,1
U07,U07_S3,1788701861,filter_run,35.8
U07,U07_S3,1788701915,filter_run,61.4
U07,U07_S3,1788701951,filter_run,45.3
U07,U07_S3,1788701994,filter_run,50.6
U07,U07_S3,1788702078,semantic_error,1
U07,U07_S3,1788702078,filter_run,39.4
U07,U07_S3,1788702139,complex_filter,1
U07,U07_S3,1788702139,filter_run,30.7
U07,U07_S3,1788702199,template_used,1
U07,U07_S3,1788702199,complex_filter,1
U07,U07_S3,1788702199,filter_run,47.3
U07,U07_S3,1788702266,filter_run,46.6
U07,U07_S4,1788702354,filter_run,32.3
U07,U07_S4,1788702377,filter_run,46.0
U07,U07_S4,1788702411,semantic_error,1
U07,U07_S4,1788702411,complex_filter,1
U07,U07_S4,1788702411,filter_run,45.4
U07,U07_S4,1788702478,filter_run,27.4
U07,U07_S4,1788702557,filter_run,36.3
U07,U07_S4,1788702630,complex_filter,1
U07,U07_S4,1788702630,filter_run,50.4
U07,U07_S4,1788702693,filter_run,49.3
U07,U07_S4,1788702752,filter_run,47.8
U07,U07_S4,1788702803,filter_run,38.5
U07,U07_S4,1788702829,filter_run,40.8
U07,U07_S4,1788702870,filter_run,26.0
U07,U07_S4,1788702954,complex_filter,1
U07,U07_S4,1788702954,filter_run,35.2
U08,U08_S1,1788800068,filter_run,50.2
U08,U08_S1,1788800100,semantic_error,1
U08,U08_S1,1788800100,filter_run,47.2
U08,U08_S1,1788800185,template_used,1
U08,U08_S1,1788800185,filter_run,56.6
U08,U08_S1,1788800269,filter_run,67.6
U08,U08_S1,1788800306,syntax_error,1
U08,U08_S1,1788800306,filter_run,37.1
U08,U08_S1,1788800381,filter_run,52.6
U08,U08_S1,1788800445,syntax_error,1
U08,U08_S1,1788800445,filter_run,47.4
U08,U08_S1,1788800517,syntax_error,1
U08,U08_S1,1788800517,filter_run,44.3
U08,U08_S1,1788800576,syntax_error,1
U08,U08_S1,1788800576,filter_run,44.8
U08,U08_S1,1788800606,syntax_error,1
U08,U08_S1,1788800606,filter_run,45.5
U08,U08_S1,1788800692,complex_filter,1
U08,U08_S1,1788800692,filter_run,57.7
U08,U08_S1,1788800713,filter_run,64.1
U08,U08_S1,1788800741,semantic_error,1
U08,U08_S1,1788800741,filter_run,59.5
U08,U08_S1,1788800815,semantic_error,1
U08,U08_S1,1788800815,filter_run,52.4
U08,U08_S1,1788800881,filter_run,72.9
U08,U08_S2,1788800966,filter_run,44.8
U08,U08_S2,1788801049,filter_run,61.9
U08,U08_S2,1788801120,syntax_error,1
U08,U08_S2,1788801120,filter_run,59.6
U08,U08_S2,1788801174,semantic_error,1
U08,U08_S2,1788801174,filter_run,51.3
U08,U08_S2,1788801196,filter_run,40.4
U08,U08_S2,1788801272,filter_run,56.7
U08,U08_S2,1788801357,syntax_error,1
U08,U08_S2,1788801357,filter_run,54.5
U08,U08_S2,1788801435,filter_run,48.8
U08,U08_S2,1788801517,filter_run,43.2
U08,U08_S2,1788801604,filter_run,66.7
U08,U08_S3,1788801676,filter_run,46.4
U08,U08_S3,1788801746,syntax_error,1
U08,U08_S3,1788801746,filter_run,52.7
U08,U08_S3,1788801774,semantic_error,1
U08,U08_S3,1788801774,filter_run,50.8
U08,U08_S3,1788801819,syntax_error,1
U08,U08_S3,1788801819,filter_run,50.6
U08,U08_S3,1788801856,syntax_error,1
U08,U08_S3,1788801856,filter_run,51.6
U08,U08_S3,1788801938,filter_run,55.4
U08,U08_S3,1788801996,complex_filter,1
U08,U08_S3,1788801996,filter_run,72.2
U08,U08_S3,1788802038,semantic_error,1
U08,U08_S3,1788802038,filter_run,49.8
U08,U08_S3,1788802075,filter_run,49.5
U08,U08_S3,1788802130,filter_run,69.3
U08,U08_S3,1788802176,filter_run,38.8
U08,U08_S3,1788802235,syntax_error,1
U08,U08_S3,1788802235,filter_run,62.3
U08,U08_S3,1788802266,filter_run,76.1
U08,U08_S3,1788802356,filter_run,50.6
U08,U08_S3,1788802398,semantic_error,1
U08,U08_S3,1788802398,filter_run,47.5
U08,U08_S4,1788802471,filter_run,69.4
U08,U08_S4,1788802517,filter_run,56.0
U08,U08_S4,1788802602,syntax_error,1
U08,U08_S4,1788802602,filter_run,63.9
U08,U08_S4,1788802664,semantic_error,1
U08,U08_S4,1788802664,filter_run,53.5
U08,U08_S4,1788802752,semantic_error,1
U08,U08_S4,1788802752,complex_filter,1
U08,U08_S4,1788802752,filter_run,43.1
U08,U08_S4,1788802789,complex_filter,1
U08,U08_S4,1788802789,filter_run,50.2
U08,U08_S4,1788802827,complex_filter,1
U08,U08_S4,1788802827,filter_run,43.6
U08,U08_S4,1788802896,filter_run,64.0
U08,U08_S4,1788802961,filter_run,51.7
U08,U08_S4,1788803003,semantic_error,1
U08,U08_S4,1788803003,filter_run,35.2
U08,U08_S4,1788803068,syntax_error,1
U08,U08_S4,1788803068,filter_run,47.6
U08,U08_S4,1788803153,semantic_error,1
U08,U08_S4,1788803153,complex_filter,1
U08,U08_S4,1788803153,filter_run,68.4
U08,U08_S4,1788803214,filter_run,59.4
U08,U08_S4,1788803256,syntax_error,1
U08,U08_S4,1788803256,filter_run,54.6
U09,U09_S1,1788900086,semantic_error,1
U09,U09_S1,1788900086,filter_run,50.7
U09,U09_S1,1788900149,filter_run,50.3
U09,U09_S1,1788900185,filter_run,47.6
U09,U09_S1,1788900247,filter_run,50.3
U09,U09_S1,1788900311,filter_run,59.1
U09,U09_S1,1788900377,semantic_error,1
U09,U09_S1,1788900377,filter_run,70.0
U09,U09_S1,1788900408,filter_run,38.2
U09,U09_S1,1788900480,syntax_error,1
U09,U09_S1,1788900480,filter_run,46.1
U09,U09_S1,1788900518,complex_filter,1
U09,U09_S1,1788900518,filter_run,43.5
U09,U09_S1,1788900601,filter_run,52.8
U09,U09_S1,1788900691,filter_run,26.2
U09,U09_S1,1788900762,filter_run,31.3
U09,U09_S1,1788900805,filter_run,44.1
U09,U09_S1,1788900883,template_used,1
U09,U09_S1,1788900883,filter_run,39.8
U09,U09_S2,1788900952,filter_run,48.5
U09,U09_S2,1788901025,filter_run,46.7
U09,U09_S2,1788901115,filter_run,55.0
U09,U09_S2,1788901172,syntax_error,1
U09,U09_S2,1788901172,filter_run,46.5
U09,U09_S2,1788901234,syntax_error,1
U09,U09_S2,1788901234,filter_run,43.9
U09,U09_S2,1788901304,filter_run,48.0
U09,U09_S2,1788901343,syntax_error,1
U09,U09_S2,1788901343,filter_run,39.7
U09,U09_S2,1788901374,filter_run,51.5
U09,U09_S2,1788901460,syntax_error,1
U09,U09_S2,1788901460,complex_filter,1
U09,U09_S2,1788901460,filter_run,32.8
U09,U09_S2,1788901537,filter_run,55.9
U09,U09_S2,1788901560,complex_filter,1
U09,U09_S2,1788901560,filter_run,52.9
U09,U09_S2,1788901630,filter_run,46.1
U09,U09_S2,1788901707,filter_run,55.5
U09,U09_S2,1788901782,filter_run,38.5
U09,U09_S3,1788901809,filter_run,47.4
U09,U09_S3,1788901878,filter_run,44.4
U09,U09_S3,1788901953,filter_run,42.5
U09,U09_S3,1788902007,filter_run,43.1
U09,U09_S3,1788902051,syntax_error,1
U09,U09_S3,1788902051,filter_run,55.6
U09,U09_S3,1788902100,filter_run,54.1
U09,U09_S3,1788902159,semantic_error,1
U09,U09_S3,1788902159,filter_run,67.3
U09,U09_S3,1788902243,filter_run,25.5
U09,U09_S3,1788902303,filter_run,40.7
U09,U09_S3,1788902362,filter_run,35.7
U09,U09_S3,1788902384,filter_run,50.8
U09,U09_S3,1788902429,complex_filter,1
U09,U09_S3,1788902429,filter_run,47.1
U09,U09_S3,1788902493,semantic_error,1
U09,U09_S3,1788902493,filter_run,60.8
U09,U09_S4,1788902560,filter_run,37.8
U09,U09_S4,1788902619,syntax_error,1
U09,U09_S4,1788902619,complex_filter,1
U09,U09_S4,1788902619,filter_run,43.8
U09,U09_S4,1788902649,filter_run,37.3
U09,U09_S4,1788902728,filter_run,45.7
U09,U09_S4,1788902802,syntax_error,1
U09,U09_S4,1788902802,filter_run,42.2
U09,U09_S4,1788902856,filter_run,38.3
U09,U09_S4,1788902911,semantic_error,1
U09,U09_S4,1788902911,filter_run,41.4
U09,U09_S4,1788902990,filter_run,25.7
U09,U09_S4,1788903048,complex_filter,1
U09,U09_S4,1788903048,filter_run,41.7
U09,U09_S4,1788903138,filter_run,46.4
U09,U09_S4,1788903161,filter_run,50.4
U10,U10_S1,1789000058,template_used,1
U10,U10_S1,1789000058,complex_filter,1
U10,U10_S1,1789000058,filter_run,26.3
U10,U10_S1,1789000132,template_used,1
U10,U10_S1,1789000132,complex_filter,1
U10,U10_S1,1789000132,filter_run,30.5
U10,U10_S1,1789000196,template_used,1
U10,U10_S1,1789000196,complex_filter,1
U10,U10_S1,1789000196,filter_run,24.6
U10,U10_S1,1789000276,template_used,1
U10,U10_S1,1789000276,filter_run,25.2
U10,U10_S1,1789000326,semantic_error,1
U10,U10_S1,1789000326,filter_run,28.1
U10,U10_S1,1789000408,complex_filter,1
U10,U10_S1,1789000408,filter_run,29.5
U10,U10_S1,1789000477,complex_filter,1
U10,U10_S1,1789000477,filter_run,26.2
U10,U10_S1,1789000554,syntax_error,1
U10,U10_S1,1789000554,filter_run,22.5
U10,U10_S1,1789000607,filter_run,27.1
U10,U10_S1,1789000660,complex_filter,1
U10,U10_S1,1789000660,filter_run,20.0
U10,U10_S1,1789000712,complex_filter,1
U10,U10_S1,1789000712,filter_run,17.9
U10,U10_S1,1789000788,syntax_error,1
U10,U10_S1,1789000788,complex_filter,1
U10,U10_S1,1789000788,filter_run,31.4
U10,U10_S2,1789000859,filter_run,28.7
U10,U10_S2,1789000922,complex_filter,1
U10,U10_S2,1789000922,filter_run,24.5
U10,U10_S2,1789000964,template_used,1
U10,U10_S2,1789000964,syntax_error,1
U10,U10_S2,1789000964,complex_filter,1
U10,U10_S2,1789000964,filter_run,20.9
U10,U10_S2,1789001025,filter_run,25.0
U10,U10_S2,1789001090,template_used,1
U10,U10_S2,1789001090,filter_run,26.9
U10,U10_S2,1789001168,complex_filter,1
U10,U10_S2,1789001168,filter_run,19.9
U10,U10_S2,1789001192,syntax_error,1
U10,U10_S2,1789001192,complex_filter,1
U10,U10_S2,1789001192,filter_run,24.6
U10,U10_S2,1789001237,template_used,1
U10,U10_S2,1789001237,filter_run,30.3
U10,U10_S2,1789001291,filter_run,27.6
U10,U10_S2,1789001321,template_used,1
U10,U10_S2,1789001321,filter_run,30.8
U10,U10_S3,1789001403,complex_filter,1
U10,U10_S3,1789001403,filter_run,32.6
U10,U10_S3,1789001457,complex_filter,1
U10,U10_S3,1789001457,filter_run,29.2
U10,U10_S3,1789001544,filter_run,22.6
U10,U10_S3,1789001589,template_used,1
U10,U10_S3,1789001589,filter_run,26.9
U10,U10_S3,1789001629,template_used,1
U10,U10_S3,1789001629,complex_filter,1
U10,U10_S3,1789001629,filter_run,25.2
U10,U10_S3,1789001697,complex_filter,1
U10,U10_S3,1789001697,filter_run,29.1
U10,U10_S3,1789001759,filter_run,25.1
U10,U10_S3,1789001798,filter_run,16.8
U10,U10_S3,1789001824,template_used,1
U10,U10_S3,1789001824,filter_run,25.2
U10,U10_S3,1789001852,template_used,1
U10,U10_S3,1789001852,complex_filter,1
U10,U10_S3,1789001852,filter_run,29.0
U10,U10_S3,1789001897,complex_filter,1
U10,U10_S3,1789001897,filter_run,29.5
U10,U10_S3,1789001966,complex_filter,1
U10,U10_S3,1789001966,filter_run,27.1
U10,U10_S3,1789002029,filter_run,33.1
U10,U10_S3,1789002080,complex_filter,1
U10,U10_S3,1789002080,filter_run,27.1
U10,U10_S4,1789002117,filter_run,15.0
U10,U10_S4,1789002158,complex_filter,1
U10,U10_S4,1789002158,filter_run,23.1
U10,U10_S4,1789002193,filter_run,26.5
U10,U10_S4,1789002253,complex_filter,1
U10,U10_S4,1789002253,filter_run,32.3
U10,U10_S4,1789002304,filter_run,24.5
U10,U10_S4,1789002374,template_used,1
U10,U10_S4,1789002374,filter_run,26.0
U10,U10_S4,1789002437,filter_run,29.9
U10,U10_S4,1789002470,complex_filter,1
U10,U10_S4,1789002470,filter_run,21.1
U10,U10_S4,1789002531,complex_filter,1
U10,U10_S4,1789002531,filter_run,24.0
U10,U10_S4,1789002603,complex_filter,1
U10,U10_S4,1789002603,filter_run,25.6
U10,U10_S4,1789002646,filter_run,23.5
U11,U11_S1,1789100052,filter_run,30.7
U11,U11_S1,1789100075,filter_run,34.1
U11,U11_S1,1789100133,template_used,1
U11,U11_S1,1789100133,complex_filter,1
U11,U11_S1,1789100133,filter_run,25.9
U11,U11_S1,1789100166,complex_filter,1
U11,U11_S1,1789100166,filter_run,26.1
U11,U11_S1,1789100219,filter_run,33.8
U11,U11_S1,1789100276,complex_filter,1
U11,U11_S1,1789100276,filter_run,33.3
U11,U11_S1,1789100304,semantic_error,1
U11,U11_S1,1789100304,complex_filter,1
U11,U11_S1,1789100304,filter_run,35.9
U11,U11_S1,1789100337,complex_filter,1
U11,U11_S1,1789100337,filter_run,33.6
U11,U11_S1,1789100364,template_used,1
U11,U11_S1,1789100364,filter_run,34.6
U11,U11_S1,1789100409,filter_run,35.1
U11,U11_S1,1789100441,filter_run,29.3
U11,U11_S1,1789100490,filter_run,36.3
U11,U11_S1,1789100517,template_used,1
U11,U11_S1,1789100517,complex_filter,1
U11,U11_S1,1789100517,filter_run,38.1
U11,U11_S1,1789100565,template_used,1
U11,U11_S1,1789100565,filter_run,30.3
U11,U11_S1,1789100586,filter_run,36.5
U11,U11_S2,1789100607,template_used,1
U11,U11_S2,1789100607,syntax_error,1
U11,U11_S2,1789100607,filter_run,42.0
U11,U11_S2,1789100648,template_used,1
U11,U11_S2,1789100648,filter_run,35.6
U11,U11_S2,1789100675,template_used,1
U11,U11_S2,1789100675,semantic_error,1
U11,U11_S2,1789100675,filter_run,29.0
U11,U11_S2,1789100719,template_used,1
U11,U11_S2,1789100719,complex_filter,1
U11,U11_S2,1789100719,filter_run,30.1
U11,U11_S2,1789100793,template_used,1
U11,U11_S2,1789100793,filter_run,24.4
U11,U11_S2,1789100827,filter_run,22.9
U11,U11_S2,1789100897,syntax_error,1
U11,U11_S2,1789100897,complex_filter,1
U11,U11_S2,1789100897,filter_run,42.2
U11,U11_S2,1789100965,filter_run,28.8
U11,U11_S2,1789101031,complex_filter,1
U11,U11_S2,1789101031,filter_run,25.3
U11,U11_S2,1789101088,template_used,1
U11,U11_S2,1789101088,semantic_error,1
U11,U11_S2,1789101088,filter_run,13.1
U11,U11_S3,1789101148,filter_run,37.0
U11,U11_S3,1789101173,semantic_error,1
U11,U11_S3,1789101173,complex_filter,1
U11,U11_S3,1789101173,filter_run,37.4
U11,U11_S3,1789101227,filter_run,30.6
U11,U11_S3,1789101304,syntax_error,1
U11,U11_S3,1789101304,complex_filter,1
U11,U11_S3,1789101304,filter_run,28.6
U11,U11_S3,1789101326,complex_filter,1
U11,U11_S3,1789101326,filter_run,30.0
U11,U11_S3,1789101359,filter_run,32.6
U11,U11_S3,1789101413,syntax_error,1
U11,U11_S3,1789101413,complex_filter,1
U11,U11_S3,1789101413,filter_run,31.1
U11,U11_S3,1789101503,filter_run,38.3
U11,U11_S3,1789101530,template_used,1
U11,U11_S3,1789101530,complex_filter,1
U11,U11_S3,1789101530,filter_run,26.0
U11,U11_S3,1789101597,template_used,1
U11,U11_S3,1789101597,filter_run,16.0
U11,U11_S3,1789101675,template_used,1
U11,U11_S3,1789101675,filter_run,32.6
U11,U11_S3,1789101749,complex_filter,1
U11,U11_S3,1789101749,filter_run,21.6
U11,U11_S3,1789101769,syntax_error,1
U11,U11_S3,1789101769,complex_filter,1
U11,U11_S3,1789101769,filter_run,35.6
U11,U11_S3,1789101845,template_used,1
U11,U11_S3,1789101845,filter_run,25.2
U11,U11_S3,1789101915,complex_filter,1
U11,U11_S3,1789101915,filter_run,28.9
U11,U11_S4,1789101959,complex_filter,1
U11,U11_S4,1789101959,filter_run,19.6
U11,U11_S4,1789102015,complex_filter,1
U11,U11_S4,1789102015,filter_run,28.3
U11,U11_S4,1789102081,complex_filter,1
U11,U11_S4,1789102081,filter_run,36.9
U11,U11_S4,1789102105,filter_run,25.3
U11,U11_S4,1789102144,filter_run,29.8
U11,U11_S4,1789102225,complex_filter,1
U11,U11_S4,1789102225,filter_run,27.6
U11,U11_S4,1789102250,filter_run,27.1
U11,U11_S4,1789102337,filter_run,30.3
U11,U11_S4,1789102374,complex_filter,1
U11,U11_S4,1789102374,filter_run,23.2
U11,U11_S4,1789102419,filter_run,46.8
U11,U11_S4,1789102466,template_used,1
U11,U11_S4,1789102466,complex_filter,1
U11,U11_S4,1789102466,filter_run,39.2
U12,U12_S1,1789200030,complex_filter,1
U12,U12_S1,1789200030,filter_run,39.8
U12,U12_S1,1789200083,syntax_error,1
U12,U12_S1,1789200083,filter_run,32.8
U12,U12_S1,1789200143,filter_run,26.6
U12,U12_S1,1789200216,template_used,1
U12,U12_S1,1789200216,complex_filter,1
U12,U12_S1,1789200216,filter_run,42.5
U12,U12_S1,1789200277,complex_filter,1
U12,U12_S1,1789200277,filter_run,31.0
U12,U12_S1,1789200315,template_used,1
U12,U12_S1,1789200315,filter_run,44.0
U12,U12_S1,1789200358,filter_run,41.8
U12,U12_S1,1789200416,filter_run,49.0
U12,U12_S1,1789200445,template_used,1
U12,U12_S1,1789200445,filter_run,30.0
U12,U12_S1,1789200496,complex_filter,1
U12,U12_S1,1789200496,filter_run,35.9
U12,U12_S1,1789200585,syntax_error,1
U12,U12_S1,1789200585,filter_run,29.0
U12,U12_S2,1789200650,complex_filter,1
U12,U12_S2,1789200650,filter_run,25.6
U12,U12_S2,1789200685,complex_filter,1
U12,U12_S2,1789200685,filter_run,40.0
U12,U12_S2,1789200708,complex_filter,1
U12,U12_S2,1789200708,filter_run,22.3
U12,U12_S2,1789200741,template_used,1
U12,U12_S2,1789200741,complex_filter,1
U12,U12_S2,1789200741,filter_run,35.0
U12,U12_S2,1789200795,syntax_error,1
U12,U12_S2,1789200795,complex_filter,1
U12,U12_S2,1789200795,filter_run,33.0
U12,U12_S2,1789200846,template_used,1
U12,U12_S2,1789200846,filter_run,29.7
U12,U12_S2,1789200877,template_used,1
U12,U12_S2,1789200877,syntax_error,1
U12,U12_S2,1789200877,filter_run,32.4
U12,U12_S2,1789200964,filter_run,38.7
U12,U12_S2,1789201033,template_used,1
U12,U12_S2,1789201033,filter_run,33.9
U12,U12_S2,1789201088,filter_run,30.4
U12,U12_S2,1789201120,template_used,1
U12,U12_S2,1789201120,complex_filter,1
U12,U12_S2,1789201120,filter_run,30.5
U12,U12_S2,1789201163,template_used,1
U12,U12_S2,1789201163,semantic_error,1
U12,U12_S2,1789201163,complex_filter,1
U12,U12_S2,1789201163,filter_run,38.1
U12,U12_S2,1789201230,filter_run,35.3
U12,U12_S2,1789201255,template_used,1
U12,U12_S2,1789201255,filter_run,28.5
U12,U12_S2,1789201276,template_used,1
U12,U12_S2,1789201276,syntax_error,1
U12,U12_S2,1789201276,filter_run,24.3
U12,U12_S3,1789201355,filter_run,45.3
U12,U12_S3,1789201439,complex_filter,1
U12,U12_S3,1789201439,filter_run,28.2
U12,U12_S3,1789201512,complex_filter,1
U12,U12_S3,1789201512,filter_run,32.7
U12,U12_S3,1789201586,complex_filter,1
U12,U12_S3,1789201586,filter_run,21.2
U12,U12_S3,1789201609,template_used,1
U12,U12_S3,1789201609,complex_filter,1
U12,U12_S3,1789201609,filter_run,35.4
U12,U12_S3,1789201639,complex_filter,1
U12,U12_S3,1789201639,filter_run,36.9
U12,U12_S3,1789201711,filter_run,31.6
U12,U12_S3,1789201773,filter_run,24.3
U12,U12_S3,1789201856,template_used,1
U12,U12_S3,1789201856,complex_filter,1
U12,U12_S3,1789201856,filter_run,36.1
U12,U12_S3,1789201894,complex_filter,1
U12,U12_S3,1789201894,filter_run,33.8
U12,U12_S3,1789201965,complex_filter,1
U12,U12_S3,1789201965,filter_run,33.4
U12,U12_S3,1789202053,filter_run,33.8
U12,U12_S3,1789202106,complex_filter,1
U12,U12_S3,1789202106,filter_run,29.6
U12,U12_S3,1789202136,filter_run,31.0
U12,U12_S4,1789202190,template_used,1
U12,U12_S4,1789202190,filter_run,22.0
U12,U12_S4,1789202214,template_used,1
U12,U12_S4,1789202214,filter_run,21.7
U12,U12_S4,1789202268,complex_filter,1
U12,U12_S4,1789202268,filter_run,32.3
U12,U12_S4,1789202310,syntax_error,1
U12,U12_S4,1789202310,complex_filter,1
U12,U12_S4,1789202310,filter_run,34.6
U12,U12_S4,1789202351,filter_run,18.8
U12,U12_S4,1789202421,filter_run,23.5
U12,U12_S4,1789202490,template_used,1
U12,U12_S4,1789202490,complex_filter,1
U12,U12_S4,1789202490,filter_run,29.1
U12,U12_S4,1789202572,complex_filter,1
U12,U12_S4,1789202572,filter_run,40.5
U12,U12_S4,1789202635,filter_run,35.7
U12,U12_S4,1789202677,complex_filter,1
U12,U12_S4,1789202677,filter_run,31.3
U12,U12_S4,1789202706,semantic_error,1
U12,U12_S4,1789202706,complex_filter,1
U12,U12_S4,1789202706,filter_run,31.2
U12,U12_S4,1789202771,filter_run,25.1
U12,U12_S4,1789202844,complex_filter,1
U12,U12_S4,1789202844,filter_run,28.4
U13,U13_S1,1789300042,syntax_error,1
U13,U13_S1,1789300042,complex_filter,1
U13,U13_S1,1789300042,filter_run,35.8
U13,U13_S1,1789300090,filter_run,32.7
U13,U13_S1,1789300147,syntax_error,1
U13,U13_S1,1789300147,complex_filter,1
U13,U13_S1,1789300147,filter_run,27.4
U13,U13_S1,1789300189,complex_filter,1
U13,U13_S1,1789300189,filter_run,24.8
U13,U13_S1,1789300271,filter_run,29.4
U13,U13_S1,1789300338,template_used,1
U13,U13_S1,1789300338,filter_run,36.0
U13,U13_S1,1789300405,filter_run,20.2
U13,U13_S1,1789300447,template_used,1
U13,U13_S1,1789300447,complex_filter,1
U13,U13_S1,1789300447,filter_run,32.8
U13,U13_S1,1789300510,filter_run,30.1
U13,U13_S1,1789300598,template_used,1
U13,U13_S1,1789300598,filter_run,29.1
U13,U13_S1,1789300637,filter_run,28.1
U13,U13_S1,1789300691,filter_run,27.5
U13,U13_S2,1789300744,template_used,1
U13,U13_S2,1789300744,complex_filter,1
U13,U13_S2,1789300744,filter_run,28.3
U13,U13_S2,1789300786,template_used,1
U13,U13_S2,1789300786,filter_run,37.5
U13,U13_S2,1789300819,template_used,1
U13,U13_S2,1789300819,complex_filter,1
U13,U13_S2,1789300819,filter_run,32.1
U13,U13_S2,1789300879,filter_run,30.8
U13,U13_S2,1789300923,complex_filter,1
U13,U13_S2,1789300923,filter_run,22.2
U13,U13_S2,1789301008,filter_run,21.7
U13,U13_S2,1789301066,complex_filter,1
U13,U13_S2,1789301066,filter_run,31.3
U13,U13_S2,1789301104,template_used,1
U13,U13_S2,1789301104,complex_filter,1
U13,U13_S2,1789301104,filter_run,30.0
U13,U13_S2,1789301194,template_used,1
U13,U13_S2,1789301194,complex_filter,1
U13,U13_S2,1789301194,filter_run,28.1
U13,U13_S2,1789301255,template_used,1
U13,U13_S2,1789301255,filter_run,34.1
U13,U13_S2,1789301318,complex_filter,1
U13,U13_S2,1789301318,filter_run,25.8
U13,U13_S2,1789301343,complex_filter,1
U13,U13_S2,1789301343,filter_run,22.9
U13,U13_S3,1789301431,filter_run,21.5
U13,U13_S3,1789301506,filter_run,26.0
U13,U13_S3,1789301535,complex_filter,1
U13,U13_S3,1789301535,filter_run,19.2
U13,U13_S3,1789301604,template_used,1
U13,U13_S3,1789301604,syntax_error,1
U13,U13_S3,1789301604,filter_run,29.6
U13,U13_S3,1789301676,semantic_error,1
U13,U13_S3,1789301676,complex_filter,1
U13,U13_S3,1789301676,filter_run,27.4
U13,U13_S3,1789301706,complex_filter,1
U13,U13_S3,1789301706,filter_run,22.1
U13,U13_S3,1789301778,filter_run,25.3
U13,U13_S3,1789301828,template_used,1
U13,U13_S3,1789301828,complex_filter,1
U13,U13_S3,1789301828,filter_run,22.8
U13,U13_S3,1789301904,complex_filter,1
U13,U13_S3,1789301904,filter_run,26.4
U13,U13_S3,1789301979,template_used,1
U13,U13_S3,1789301979,syntax_error,1
U13,U13_S3,1789301979,complex_filter,1
U13,U13_S3,1789301979,filter_run,21.3
U13,U13_S3,1789302012,filter_run,24.6
U13,U13_S4,1789302094,template_used,1
U13,U13_S4,1789302094,syntax_error,1
U13,U13_S4,1789302094,filter_run,28.8
U13,U13_S4,1789302142,template_used,1
U13,U13_S4,1789302142,filter_run,24.1
U13,U13_S4,1789302227,complex_filter,1
U13,U13_S4,1789302227,filter_run,27.5
U13,U13_S4,1789302277,complex_filter,1
U13,U13_S4,1789302277,filter_run,26.4
U13,U13_S4,1789302297,filter_run,21.9
U13,U13_S4,1789302330,complex_filter,1
U13,U13_S4,1789302330,filter_run,17.4
U13,U13_S4,1789302359,filter_run,16.1
U13,U13_S4,1789302445,template_used,1
U13,U13_S4,1789302445,filter_run,21.6
U13,U13_S4,1789302489,filter_run,20.9
U13,U13_S4,1789302567,complex_filter,1
U13,U13_S4,1789302567,filter_run,13.1
U13,U13_S4,1789302594,filter_run,21.3
U13,U13_S4,1789302623,template_used,1
U13,U13_S4,1789302623,complex_filter,1
U13,U13_S4,1789302623,filter_run,31.7
U13,U13_S4,1789302676,template_used,1
U13,U13_S4,1789302676,complex_filter,1
U13,U13_S4,1789302676,filter_run,14.3
U13,U13_S4,1789302712,filter_run,28.7
U14,U14_S1,1789400035,template_used,1
U14,U14_S1,1789400035,filter_run,25.4
U14,U14_S1,1789400083,complex_filter,1
U14,U14_S1,1789400083,filter_run,17.2
U14,U14_S1,1789400132,complex_filter,1
U14,U14_S1,1789400132,filter_run,26.0
U14,U14_S1,1789400184,complex_filter,1
U14,U14_S1,1789400184,filter_run,31.0
U14,U14_S1,1789400232,complex_filter,1
U14,U14_S1,1789400232,filter_run,32.8
U14,U14_S1,1789400291,filter_run,33.8
U14,U14_S1,1789400373,complex_filter,1
U14,U14_S1,1789400373,filter_run,28.7
U14,U14_S1,1789400453,template_used,1
U14,U14_S1,1789400453,semantic_error,1
U14,U14_S1,1789400453,complex_filter,1
U14,U14_S1,1789400453,filter_run,34.1
U14,U14_S1,1789400498,complex_filter,1
U14,U14_S1,1789400498,filter_run,25.8
U14,U14_S1,1789400527,filter_run,25.1
U14,U14_S1,1789400587,filter_run,31.2
U14,U14_S1,1789400632,filter_run,30.4
U14,U14_S1,1789400691,complex_filter,1
U14,U14_S1,1789400691,filter_run,25.8
U14,U14_S1,1789400779,complex_filter,1
U14,U14_S1,1789400779,filter_run,37.0
U14,U14_S2,1789400859,complex_filter,1
U14,U14_S2,1789400859,filter_run,23.7
U14,U14_S2,1789400942,filter_run,35.6
U14,U14_S2,1789400966,template_used,1
U14,U14_S2,1789400966,filter_run,38.7
U14,U14_S2,1789401051,filter_run,34.5
U14,U14_S2,1789401115,template_used,1
U14,U14_S2,1789401115,complex_filter,1
U14,U14_S2,1789401115,filter_run,26.8
U14,U14_S2,1789401166,template_used,1
U14,U14_S2,1789401166,filter_run,28.2
U14,U14_S2,1789401255,filter_run,39.0
U14,U14_S2,1789401315,syntax_error,1
U14,U14_S2,1789401315,complex_filter,1
U14,U14_S2,1789401315,filter_run,25.3
U14,U14_S2,1789401357,template_used,1
U14,U14_S2,1789401357,complex_filter,1
U14,U14_S2,1789401357,filter_run,33.7
U14,U14_S2,1789401385,filter_run,23.3
U14,U14_S2,1789401473,template_used,1
U14,U14_S2,1789401473,complex_filter,1
U14,U14_S2,1789401473,filter_run,29.2
U14,U14_S2,1789401559,complex_filter,1
U14,U14_S2,1789401559,filter_run,16.0
U14,U14_S2,1789401579,filter_run,23.5
U14,U14_S3,1789401662,template_used,1
U14,U14_S3,1789401662,filter_run,25.3
U14,U14_S3,1789401729,filter_run,24.0
U14,U14_S3,1789401773,complex_filter,1
U14,U14_S3,1789401773,filter_run,29.9
U14,U14_S3,1789401852,filter_run,25.2
U14,U14_S3,1789401928,template_used,1
U14,U14_S3,1789401928,complex_filter,1
U14,U14_S3,1789401928,filter_run,25.2
U14,U14_S3,1789401976,filter_run,29.0
U14,U14_S3,1789402065,semantic_error,1
U14,U14_S3,1789402065,complex_filter,1
U14,U14_S3,1789402065,filter_run,33.5
U14,U14_S3,1789402150,complex_filter,1
U14,U14_S3,1789402150,filter_run,22.8
U14,U14_S3,1789402191,filter_run,32.3
U14,U14_S3,1789402279,filter_run,38.0
U14,U14_S3,1789402330,complex_filter,1
U14,U14_S3,1789402330,filter_run,21.7
U14,U14_S3,1789402371,template_used,1
U14,U14_S3,1789402371,filter_run,19.0
U14,U14_S3,1789402395,filter_run,32.0
U14,U14_S3,1789402476,syntax_error,1
U14,U14_S3,1789402476,complex_filter,1
U14,U14_S3,1789402476,filter_run,25.9
U14,U14_S3,1789402497,filter_run,21.0
U14,U14_S4,1789402535,filter_run,34.9
U14,U14_S4,1789402560,complex_filter,1
U14,U14_S4,1789402560,filter_run,23.8
U14,U14_S4,1789402632,complex_filter,1
U14,U14_S4,1789402632,filter_run,32.8
U14,U14_S4,1789402657,complex_filter,1
U14,U14_S4,1789402657,filter_run,24.3
U14,U14_S4,1789402693,template_used,1
U14,U14_S4,1789402693,filter_run,26.6
U14,U14_S4,1789402743,complex_filter,1
U14,U14_S4,1789402743,filter_run,22.6
U14,U14_S4,1789402833,template_used,1
U14,U14_S4,1789402833,filter_run,25.8
U14,U14_S4,1789402863,template_used,1
U14,U14_S4,1789402863,syntax_error,1
U14,U14_S4,1789402863,filter_run,29.2
U14,U14_S4,1789402901,complex_filter,1
U14,U14_S4,1789402901,filter_run,37.2
U14,U14_S4,1789402983,complex_filter,1
U14,U14_S4,1789402983,filter_run,19.3
U14,U14_S4,1789403048,filter_run,24.0
U15,U15_S1,1789500080,template_used,1
U15,U15_S1,1789500080,filter_run,29.3
U15,U15_S1,1789500126,template_used,1
U15,U15_S1,1789500126,filter_run,30.9
U15,U15_S1,1789500184,filter_run,28.9
U15,U15_S1,1789500220,complex_filter,1
U15,U15_S1,1789500220,filter_run,34.6
U15,U15_S1,1789500305,filter_run,22.5
U15,U15_S1,1789500372,template_used,1
U15,U15_S1,1789500372,filter_run,27.7
U15,U15_S1,1789500425,template_used,1
U15,U15_S1,1789500425,syntax_error,1
U15,U15_S1,1789500425,filter_run,31.6
U15,U15_S1,1789500482,filter_run,21.1
U15,U15_S1,1789500565,template_used,1
U15,U15_S1,1789500565,syntax_error,1
U15,U15_S1,1789500565,filter_run,32.0
U15,U15_S1,1789500625,semantic_error,1
U15,U15_S1,1789500625,complex_filter,1
U15,U15_S1,1789500625,filter_run,28.3
U15,U15_S1,1789500703,filter_run,25.3
U15,U15_S1,1789500734,template_used,1
U15,U15_S1,1789500734,complex_filter,1
U15,U15_S1,1789500734,filter_run,23.8
U15,U15_S1,1789500799,template_used,1
U15,U15_S1,1789500799,filter_run,22.4
U15,U15_S1,1789500872,filter_run,22.7
U15,U15_S2,1789500960,template_used,1
U15,U15_S2,1789500960,filter_run,22.0
U15,U15_S2,1789501049,filter_run,30.0
U15,U15_S2,1789501125,filter_run,27.1
U15,U15_S2,1789501208,filter_run,21.9
U15,U15_S2,1789501283,complex_filter,1
U15,U15_S2,1789501283,filter_run,22.9
U15,U15_S2,1789501349,complex_filter,1
U15,U15_S2,1789501349,filter_run,25.8
U15,U15_S2,1789501417,template_used,1
U15,U15_S2,1789501417,filter_run,35.8
U15,U15_S2,1789501481,template_used,1
U15,U15_S2,1789501481,semantic_error,1
U15,U15_S2,1789501481,filter_run,18.5
U15,U15_S2,1789501535,filter_run,19.4
U15,U15_S2,1789501583,template_used,1
U15,U15_S2,1789501583,filter_run,30.6
U15,U15_S2,1789501647,template_used,1
U15,U15_S2,1789501647,filter_run,20.8
U15,U15_S2,1789501727,complex_filter,1
U15,U15_S2,1789501727,filter_run,28.4
U15,U15_S2,1789501805,template_used,1
U15,U15_S2,1789501805,complex_filter,1
U15,U15_S2,1789501805,filter_run,22.8
U15,U15_S2,1789501854,semantic_error,1
U15,U15_S2,1789501854,filter_run,19.8
U15,U15_S2,1789501879,template_used,1
U15,U15_S2,1789501879,syntax_error,1
U15,U15_S2,1789501879,filter_run,21.6
U15,U15_S3,1789501947,filter_run,18.7
U15,U15_S3,1789502014,complex_filter,1
U15,U15_S3,1789502014,filter_run,23.9
U15,U15_S3,1789502092,template_used,1
U15,U15_S3,1789502092,filter_run,18.3
U15,U15_S3,1789502175,syntax_error,1
U15,U15_S3,1789502175,filter_run,25.4
U15,U15_S3,1789502219,filter_run,23.9
U15,U15_S3,1789502279,template_used,1
U15,U15_S3,1789502279,filter_run,21.5
U15,U15_S3,1789502348,complex_filter,1
U15,U15_S3,1789502348,filter_run,29.7
U15,U15_S3,1789502378,filter_run,18.2
U15,U15_S3,1789502409,syntax_error,1
U15,U15_S3,1789502409,filter_run,19.1
U15,U15_S3,1789502451,complex_filter,1
U15,U15_S3,1789502451,filter_run,21.9
U15,U15_S3,1789502486,template_used,1
U15,U15_S3,1789502486,filter_run,24.7
U15,U15_S3,1789502566,filter_run,21.8
U15,U15_S3,1789502635,complex_filter,1
U15,U15_S3,1789502635,filter_run,23.8
U15,U15_S4,1789502695,filter_run,22.2
U15,U15_S4,1789502718,complex_filter,1
U15,U15_S4,1789502718,filter_run,20.6
U15,U15_S4,1789502798,template_used,1
U15,U15_S4,1789502798,filter_run,22.3
U15,U15_S4,1789502850,template_used,1
U15,U15_S4,1789502850,filter_run,21.2
U15,U15_S4,1789502893,filter_run,23.4
U15,U15_S4,1789502975,template_used,1
U15,U15_S4,1789502975,syntax_error,1
U15,U15_S4,1789502975,filter_run,19.9
U15,U15_S4,1789502997,template_used,1
U15,U15_S4,1789502997,complex_filter,1
U15,U15_S4,1789502997,filter_run,27.0
U15,U15_S4,1789503063,filter_run,20.5
U15,U15_S4,1789503146,template_used,1
U15,U15_S4,1789503146,filter_run,26.9
U15,U15_S4,1789503198,template_used,1
U15,U15_S4,1789503198,syntax_error,1
U15,U15_S4,1789503198,complex_filter,1
U15,U15_S4,1789503198,filter_run,22.9
U15,U15_S4,1789503276,complex_filter,1
U15,U15_S4,1789503276,filter_run,17.8
U15,U15_S4,1789503310,semantic_error,1
U15,U15_S4,1789503310,complex_filter,1
U15,U15_S4,1789503310,filter_run,26.9
U16,U16_S1,1789600045,filter_run,28.5
U16,U16_S1,1789600069,complex_filter,1
U16,U16_S1,1789600069,filter_run,32.0
U16,U16_S1,1789600105,template_used,1
U16,U16_S1,1789600105,filter_run,23.6
U16,U16_S1,1789600126,template_used,1
U16,U16_S1,1789600126,filter_run,30.4
U16,U16_S1,1789600208,template_used,1
U16,U16_S1,1789600208,filter_run,23.3
U16,U16_S1,1789600288,template_used,1
U16,U16_S1,1789600288,filter_run,30.1
U16,U16_S1,1789600348,template_used,1
U16,U16_S1,1789600348,complex_filter,1
U16,U16_S1,1789600348,filter_run,27.0
U16,U16_S1,1789600391,template_used,1
U16,U16_S1,1789600391,complex_filter,1
U16,U16_S1,1789600391,filter_run,28.8
U16,U16_S1,1789600412,template_used,1
U16,U16_S1,1789600412,filter_run,31.8
U16,U16_S1,1789600477,filter_run,29.6
U16,U16_S1,1789600513,template_used,1
U16,U16_S1,1789600513,semantic_error,1
U16,U16_S1,1789600513,complex_filter,1
U16,U16_S1,1789600513,filter_run,31.2
U16,U16_S1,1789600538,complex_filter,1
U16,U16_S1,1789600538,filter_run,27.4
U16,U16_S2,1789600561,complex_filter,1
U16,U16_S2,1789600561,filter_run,23.9
U16,U16_S2,1789600596,template_used,1
U16,U16_S2,1789600596,filter_run,28.1
U16,U16_S2,1789600646,complex_filter,1
U16,U16_S2,1789600646,filter_run,33.6
U16,U16_S2,1789600679,syntax_error,1
U16,U16_S2,1789600679,filter_run,38.1
U16,U16_S2,1789600706,complex_filter,1
U16,U16_S2,1789600706,filter_run,23.8
U16,U16_S2,1789600779,filter_run,31.5
U16,U16_S2,1789600846,filter_run,21.4
U16,U16_S2,1789600877,filter_run,33.1
U16,U16_S2,1789600926,syntax_error,1
U16,U16_S2,1789600926,filter_run,26.7
U16,U16_S2,1789600994,template_used,1
U16,U16_S2,1789600994,complex_filter,1
U16,U16_S2,1789600994,filter_run,25.7
U16,U16_S2,1789601056,filter_run,41.2
U16,U16_S2,1789601120,template_used,1
U16,U16_S2,1789601120,complex_filter,1
U16,U16_S2,1789601120,filter_run,25.9
U16,U16_S2,1789601200,filter_run,24.5
U16,U16_S2,1789601227,syntax_error,1
U16,U16_S2,1789601227,complex_filter,1
U16,U16_S2,1789601227,filter_run,26.8
U16,U16_S2,1789601281,complex_filter,1
U16,U16_S2,1789601281,filter_run,32.5
U16,U16_S3,1789601331,semantic_error,1
U16,U16_S3,1789601331,filter_run,30.0
U16,U16_S3,1789601395,complex_filter,1
U16,U16_S3,1789601395,filter_run,29.4
U16,U16_S3,1789601485,template_used,1
U16,U16_S3,1789601485,filter_run,27.9
U16,U16_S3,1789601534,template_used,1
U16,U16_S3,1789601534,filter_run,35.1
U16,U16_S3,1789601587,filter_run,29.5
U16,U16_S3,1789601676,complex_filter,1
U16,U16_S3,1789601676,filter_run,31.9
U16,U16_S3,1789601731,template_used,1
U16,U16_S3,1789601731,complex_filter,1
U16,U16_S3,1789601731,filter_run,34.7
U16,U16_S3,1789601773,filter_run,34.9
U16,U16_S3,1789601852,filter_run,27.6
U16,U16_S3,1789601908,template_used,1
U16,U16_S3,1789601908,semantic_error,1
U16,U16_S3,1789601908,filter_run,22.4
U16,U16_S3,1789601944,complex_filter,1
U16,U16_S3,1789601944,filter_run,26.2
U16,U16_S3,1789602009,filter_run,22.1
U16,U16_S3,1789602048,complex_filter,1
U16,U16_S3,1789602048,filter_run,29.7
U16,U16_S4,1789602083,complex_filter,1
U16,U16_S4,1789602083,filter_run,32.6
U16,U16_S4,1789602111,filter_run,25.0
U16,U16_S4,1789602191,template_used,1
U16,U16_S4,1789602191,complex_filter,1
U16,U16_S4,1789602191,filter_run,27.8
U16,U16_S4,1789602234,template_used,1
U16,U16_S4,1789602234,filter_run,34.6
U16,U16_S4,1789602309,filter_run,26.4
U16,U16_S4,1789602354,filter_run,28.1
U16,U16_S4,1789602442,filter_run,32.8
U16,U16_S4,1789602491,template_used,1
U16,U16_S4,1789602491,filter_run,23.4
U16,U16_S4,1789602574,complex_filter,1
U16,U16_S4,1789602574,filter_run,28.6
U16,U16_S4,1789602660,template_used,1
U16,U16_S4,1789602660,filter_run,21.8
U16,U16_S4,1789602717,template_used,1
U16,U16_S4,1789602717,filter_run,22.2
U16,U16_S4,1789602784,filter_run,29.1
U16,U16_S4,1789602847,template_used,1
U16,U16_S4,1789602847,complex_filter,1
U16,U16_S4,1789602847,filter_run,32.3
U16,U16_S4,1789602880,filter_run,29.5
U16,U16_S4,1789602965,filter_run,18.5
U17,U17_S1,1789700066,template_used,1
U17,U17_S1,1789700066,complex_filter,1
U17,U17_S1,1789700066,filter_run,23.5
U17,U17_S1,1789700090,template_used,1
U17,U17_S1,1789700090,filter_run,21.3
U17,U17_S1,1789700142,filter_run,12.4
U17,U17_S1,1789700176,template_used,1
U17,U17_S1,1789700176,complex_filter,1
U17,U17_S1,1789700176,filter_run,17.5
U17,U17_S1,1789700223,template_used,1
U17,U17_S1,1789700223,filter_run,32.8
U17,U17_S1,1789700267,complex_filter,1
U17,U17_S1,1789700267,filter_run,20.4
U17,U17_S1,1789700342,filter_run,23.0
U17,U17_S1,1789700409,complex_filter,1
U17,U17_S1,1789700409,filter_run,21.6
U17,U17_S1,1789700446,template_used,1
U17,U17_S1,1789700446,complex_filter,1
U17,U17_S1,1789700446,filter_run,22.0
U17,U17_S1,1789700470,filter_run,29.2
U17,U17_S1,1789700529,complex_filter,1
U17,U17_S1,1789700529,filter_run,22.7
U17,U17_S2,1789700614,complex_filter,1
U17,U17_S2,1789700614,filter_run,28.1
U17,U17_S2,1789700661,filter_run,20.3
U17,U17_S2,1789700703,syntax_error,1
U17,U17_S2,1789700703,filter_run,24.9
U17,U17_S2,1789700728,syntax_error,1
U17,U17_S2,1789700728,filter_run,23.3
U17,U17_S2,1789700778,semantic_error,1
U17,U17_S2,1789700778,complex_filter,1
U17,U17_S2,1789700778,filter_run,21.8
U17,U17_S2,1789700852,template_used,1
U17,U17_S2,1789700852,filter_run,21.0
U17,U17_S2,1789700911,template_used,1
U17,U17_S2,1789700911,filter_run,22.2
U17,U17_S2,1789700957,template_used,1
U17,U17_S2,1789700957,filter_run,21.3
U17,U17_S2,1789701013,filter_run,27.9
U17,U17_S2,1789701065,filter_run,18.9
U17,U17_S2,1789701144,template_used,1
U17,U17_S2,1789701144,filter_run,24.1
U17,U17_S2,1789701229,syntax_error,1
U17,U17_S2,1789701229,filter_run,28.7
U17,U17_S3,1789701305,template_used,1
U17,U17_S3,1789701305,filter_run,24.0
U17,U17_S3,1789701331,filter_run,18.9
U17,U17_S3,1789701374,template_used,1
U17,U17_S3,1789701374,complex_filter,1
U17,U17_S3,1789701374,filter_run,24.3
U17,U17_S3,1789701402,filter_run,26.2
U17,U17_S3,1789701428,syntax_error,1
U17,U17_S3,1789701428,filter_run,26.1
U17,U17_S3,1789701514,template_used,1
U17,U17_S3,1789701514,complex_filter,1
U17,U17_S3,1789701514,filter_run,22.4
U17,U17_S3,1789701577,filter_run,18.6
U17,U17_S3,1789701600,complex_filter,1
U17,U17_S3,1789701600,filter_run,16.4
U17,U17_S3,1789701683,filter_run,15.0
U17,U17_S3,1789701732,filter_run,26.5
U17,U17_S4,1789701788,complex_filter,1
U17,U17_S4,1789701788,filter_run,25.7
U17,U17_S4,1789701848,template_used,1
U17,U17_S4,1789701848,filter_run,30.0
U17,U17_S4,1789701884,filter_run,22.5
U17,U17_S4,1789701967,filter_run,24.3
U17,U17_S4,1789701999,template_used,1
U17,U17_S4,1789701999,filter_run,21.2
U17,U17_S4,1789702074,template_used,1
U17,U17_S4,1789702074,semantic_error,1
U17,U17_S4,1789702074,filter_run,16.9
U17,U17_S4,1789702108,filter_run,17.5
U17,U17_S4,1789702195,filter_run,24.8
U17,U17_S4,1789702228,template_used,1
U17,U17_S4,1789702228,filter_run,22.0
U17,U17_S4,1789702284,template_used,1
U17,U17_S4,1789702284,semantic_error,1
U17,U17_S4,1789702284,complex_filter,1
U17,U17_S4,1789702284,filter_run,24.4
U17,U17_S4,1789702350,template_used,1
U17,U17_S4,1789702350,complex_filter,1
U17,U17_S4,1789702350,filter_run,18.6
U17,U17_S4,1789702440,template_used,1
U17,U17_S4,1789702440,filter_run,18.3
U18,U18_S1,1789800060,template_used,1
U18,U18_S1,1789800060,syntax_error,1
U18,U18_S1,1789800060,complex_filter,1
U18,U18_S1,1789800060,filter_run,28.3
U18,U18_S1,1789800107,template_used,1
U18,U18_S1,1789800107,filter_run,22.7
U18,U18_S1,1789800154,filter_run,29.0
U18,U18_S1,1789800234,template_used,1
U18,U18_S1,1789800234,complex_filter,1
U18,U18_S1,1789800234,filter_run,36.0
U18,U18_S1,1789800281,template_used,1
U18,U18_S1,1789800281,complex_filter,1
U18,U18_S1,1789800281,filter_run,40.1
U18,U18_S1,1789800311,complex_filter,1
U18,U18_S1,1789800311,filter_run,34.9
U18,U18_S1,1789800345,filter_run,24.9
U18,U18_S1,1789800378,complex_filter,1
U18,U18_S1,1789800378,filter_run,31.0
U18,U18_S1,1789800459,complex_filter,1
U18,U18_S1,1789800459,filter_run,23.4
U18,U18_S1,1789800483,complex_filter,1
U18,U18_S1,1789800483,filter_run,33.0
U18,U18_S1,1789800547,template_used,1
U18,U18_S1,1789800547,complex_filter,1
U18,U18_S1,1789800547,filter_run,33.1
U18,U18_S1,1789800585,complex_filter,1
U18,U18_S1,1789800585,filter_run,33.4
U18,U18_S1,1789800643,filter_run,31.5
U18,U18_S1,1789800667,complex_filter,1
U18,U18_S1,1789800667,filter_run,37.0
U18,U18_S1,1789800706,complex_filter,1
U18,U18_S1,1789800706,filter_run,25.4
U18,U18_S2,1789800789,complex_filter,1
U18,U18_S2,1789800789,filter_run,27.1
U18,U18_S2,1789800817,template_used,1
U18,U18_S2,1789800817,filter_run,40.8
U18,U18_S2,1789800894,filter_run,34.6
U18,U18_S2,1789800981,template_used,1
U18,U18_S2,1789800981,complex_filter,1
U18,U18_S2,1789800981,filter_run,36.5
U18,U18_S2,1789801001,template_used,1
U18,U18_S2,1789801001,filter_run,27.9
U18,U18_S2,1789801082,filter_run,25.6
U18,U18_S2,1789801103,template_used,1
U18,U18_S2,1789801103,filter_run,31.9
U18,U18_S2,1789801132,complex_filter,1
U18,U18_S2,1789801132,filter_run,28.1
U18,U18_S2,1789801165,template_used,1
U18,U18_S2,1789801165,complex_filter,1
U18,U18_S2,1789801165,filter_run,28.3
U18,U18_S2,1789801206,complex_filter,1
U18,U18_S2,1789801206,filter_run,36.6
U18,U18_S2,1789801241,filter_run,29.5
U18,U18_S3,1789801317,template_used,1
U18,U18_S3,1789801317,complex_filter,1
U18,U18_S3,1789801317,filter_run,22.4
U18,U18_S3,1789801374,filter_run,22.4
U18,U18_S3,1789801400,syntax_error,1
U18,U18_S3,1789801400,filter_run,31.3
U18,U18_S3,1789801482,template_used,1
U18,U18_S3,1789801482,complex_filter,1
U18,U18_S3,1789801482,filter_run,27.9
U18,U18_S3,1789801541,template_used,1
U18,U18_S3,1789801541,filter_run,28.8
U18,U18_S3,1789801588,complex_filter,1
U18,U18_S3,1789801588,filter_run,21.7
U18,U18_S3,1789801646,filter_run,28.0
U18,U18_S3,1789801694,filter_run,28.4
U18,U18_S3,1789801714,filter_run,24.8
U18,U18_S3,1789801795,template_used,1
U18,U18_S3,1789801795,complex_filter,1
U18,U18_S3,1789801795,filter_run,33.9
U18,U18_S4,1789801865,template_used,1
U18,U18_S4,1789801865,filter_run,17.2
U18,U18_S4,1789801929,complex_filter,1
U18,U18_S4,1789801929,filter_run,34.0
U18,U18_S4,1789802005,template_used,1
U18,U18_S4,1789802005,complex_filter,1
U18,U18_S4,1789802005,filter_run,29.0
U18,U18_S4,1789802093,complex_filter,1
U18,U18_S4,1789802093,filter_run,21.7
U18,U18_S4,1789802135,template_used,1
U18,U18_S4,1789802135,complex_filter,1
U18,U18_S4,1789802135,filter_run,22.0
U18,U18_S4,1789802202,template_used,1
U18,U18_S4,1789802202,filter_run,14.4
U18,U18_S4,1789802228,template_used,1
U18,U18_S4,1789802228,complex_filter,1
U18,U18_S4,1789802228,filter_run,24.5
U18,U18_S4,1789802269,complex_filter,1
U18,U18_S4,1789802269,filter_run,27.3
U18,U18_S4,1789802322,filter_run,30.3
U18,U18_S4,1789802387,filter_run,27.6
U18,U18_S4,1789802441,template_used,1
U18,U18_S4,1789802441,filter_run,28.5
U19,U19_S1,1789900020,filter_run,26.0
U19,U19_S1,1789900074,filter_run,25.8
U19,U19_S1,1789900158,filter_run,30.6
U19,U19_S1,1789900208,complex_filter,1
U19,U19_S1,1789900208,filter_run,35.4
U19,U19_S1,1789900279,syntax_error,1
U19,U19_S1,1789900279,filter_run,30.3
U19,U19_S1,1789900351,filter_run,31.2
U19,U19_S1,1789900418,filter_run,28.3
U19,U19_S1,1789900467,filter_run,34.0
U19,U19_S1,1789900552,template_used,1
U19,U19_S1,1789900552,filter_run,33.5
U19,U19_S1,1789900614,syntax_error,1
U19,U19_S1,1789900614,filter_run,31.1
U19,U19_S1,1789900668,complex_filter,1
U19,U19_S1,1789900668,filter_run,29.4
U19,U19_S2,1789900708,template_used,1
U19,U19_S2,1789900708,syntax_error,1
U19,U19_S2,1789900708,complex_filter,1
U19,U19_S2,1789900708,filter_run,29.3
U19,U19_S2,1789900758,complex_filter,1
U19,U19_S2,1789900758,filter_run,26.0
U19,U19_S2,1789900831,filter_run,31.8
U19,U19_S2,1789900894,filter_run,30.4
U19,U19_S2,1789900978,filter_run,11.9
U19,U19_S2,1789901009,complex_filter,1
U19,U19_S2,1789901009,filter_run,31.7
U19,U19_S2,1789901039,template_used,1
U19,U19_S2,1789901039,complex_filter,1
U19,U19_S2,1789901039,filter_run,22.8
U19,U19_S2,1789901088,semantic_error,1
U19,U19_S2,1789901088,complex_filter,1
U19,U19_S2,1789901088,filter_run,25.1
U19,U19_S2,1789901113,complex_filter,1
U19,U19_S2,1789901113,filter_run,19.9
U19,U19_S2,1789901144,filter_run,32.8
U19,U19_S3,1789901211,filter_run,19.8
U19,U19_S3,1789901291,filter_run,21.2
U19,U19_S3,1789901360,filter_run,20.9
U19,U19_S3,1789901382,template_used,1
U19,U19_S3,1789901382,complex_filter,1
U19,U19_S3,1789901382,filter_run,32.5
U19,U19_S3,1789901418,filter_run,26.5
U19,U19_S3,1789901504,filter_run,23.3
U19,U19_S3,1789901587,semantic_error,1
U19,U19_S3,1789901587,complex_filter,1
U19,U19_S3,1789901587,filter_run,30.9
U19,U19_S3,1789901624,template_used,1
U19,U19_S3,1789901624,filter_run,24.2
U19,U19_S3,1789901661,filter_run,29.2
U19,U19_S3,1789901731,template_used,1
U19,U19_S3,1789901731,filter_run,30.4
U19,U19_S3,1789901779,complex_filter,1
U19,U19_S3,1789901779,filter_run,29.4
U19,U19_S4,1789901862,template_used,1
U19,U19_S4,1789901862,filter_run,26.5
U19,U19_S4,1789901937,template_used,1
U19,U19_S4,1789901937,complex_filter,1
U19,U19_S4,1789901937,filter_run,27.9
U19,U19_S4,1789902022,filter_run,19.9
U19,U19_S4,1789902074,complex_filter,1
U19,U19_S4,1789902074,filter_run,34.2
U19,U19_S4,1789902120,semantic_error,1
U19,U19_S4,1789902120,complex_filter,1
U19,U19_S4,1789902120,filter_run,24.0
U19,U19_S4,1789902170,filter_run,32.5
U19,U19_S4,1789902246,complex_filter,1
U19,U19_S4,1789902246,filter_run,33.6
U19,U19_S4,1789902331,filter_run,32.2
U19,U19_S4,1789902358,filter_run,29.7
U19,U19_S4,1789902406,complex_filter,1
U19,U19_S4,1789902406,filter_run,28.0
U19,U19_S4,1789902460,filter_run,18.5
U20,U20_S1,1790000086,filter_run,32.7
U20,U20_S1,1790000131,filter_run,36.6
U20,U20_S1,1790000154,template_used,1
U20,U20_S1,1790000154,complex_filter,1
U20,U20_S1,1790000154,filter_run,32.6
U20,U20_S1,1790000177,filter_run,33.5
U20,U20_S1,1790000202,complex_filter,1
U20,U20_S1,1790000202,filter_run,21.2
U20,U20_S1,1790000224,template_used,1
U20,U20_S1,1790000224,filter_run,30.2
U20,U20_S1,1790000285,filter_run,36.3
U20,U20_S1,1790000306,template_used,1
U20,U20_S1,1790000306,filter_run,25.2
U20,U20_S1,1790000329,filter_run,31.5
U20,U20_S1,1790000386,syntax_error,1
U20,U20_S1,1790000386,filter_run,39.1
U20,U20_S1,1790000420,filter_run,31.9
U20,U20_S2,1790000480,filter_run,37.3
U20,U20_S2,1790000507,template_used,1
U20,U20_S2,1790000507,complex_filter,1
U20,U20_S2,1790000507,filter_run,41.5
U20,U20_S2,1790000572,template_used,1
U20,U20_S2,1790000572,complex_filter,1
U20,U20_S2,1790000572,filter_run,34.2
U20,U20_S2,1790000600,template_used,1
U20,U20_S2,1790000600,complex_filter,1
U20,U20_S2,1790000600,filter_run,38.4
U20,U20_S2,1790000656,template_used,1
U20,U20_S2,1790000656,filter_run,23.3
U20,U20_S2,1790000678,filter_run,34.6
U20,U20_S2,1790000738,template_used,1
U20,U20_S2,1790000738,filter_run,31.4
U20,U20_S2,1790000789,filter_run,37.7
U20,U20_S2,1790000861,filter_run,26.3
U20,U20_S2,1790000885,complex_filter,1
U20,U20_S2,1790000885,filter_run,37.0
U20,U20_S3,1790000961,filter_run,30.1
U20,U20_S3,1790001048,template_used,1
U20,U20_S3,1790001048,complex_filter,1
U20,U20_S3,1790001048,filter_run,35.9
U20,U20_S3,1790001095,filter_run,14.9
U20,U20_S3,1790001162,template_used,1
U20,U20_S3,1790001162,complex_filter,1
U20,U20_S3,1790001162,filter_run,32.8
U20,U20_S3,1790001186,filter_run,25.3
U20,U20_S3,1790001254,filter_run,34.7
U20,U20_S3,1790001308,filter_run,20.9
U20,U20_S3,1790001332,filter_run,41.2
U20,U20_S3,1790001419,template_used,1
U20,U20_S3,1790001419,syntax_error,1
U20,U20_S3,1790001419,filter_run,26.3
U20,U20_S3,1790001501,filter_run,24.9
U20,U20_S4,1790001542,complex_filter,1
U20,U20_S4,1790001542,filter_run,36.0
U20,U20_S4,1790001608,syntax_error,1
U20,U20_S4,1790001608,filter_run,34.9
U20,U20_S4,1790001672,filter_run,23.5
U20,U20_S4,1790001745,filter_run,41.7
U20,U20_S4,1790001809,template_used,1
U20,U20_S4,1790001809,complex_filter,1
U20,U20_S4,1790001809,filter_run,32.5
U20,U20_S4,1790001871,template_used,1
U20,U20_S4,1790001871,complex_filter,1
U20,U20_S4,1790001871,filter_run,29.7
U20,U20_S4,1790001958,filter_run,35.0
U20,U20_S4,1790002021,complex_filter,1
U20,U20_S4,1790002021,filter_run,33.1
U20,U20_S4,1790002062,template_used,1
U20,U20_S4,1790002062,filter_run,35.0
U20,U20_S4,1790002109,complex_filter,1
U20,U20_S4,1790002109,filter_run,35.8
U20,U20_S4,1790002143,template_used,1
U20,U20_S4,1790002143,complex_filter,1
U20,U20_S4,1790002143,filter_run,44.2
U20,U20_S4,1790002220,template_used,1
U20,U20_S4,1790002220,filter_run,33.8
U20,U20_S4,1790002283,complex_filter,1
U20,U20_S4,1790002283,filter_run,29.5
U21,U21_S1,1790100021,template_used,1
U21,U21_S1,1790100021,syntax_error,1
U21,U21_S1,1790100021,complex_filter,1
U21,U21_S1,1790100021,filter_run,29.7
U21,U21_S1,1790100099,syntax_error,1
U21,U21_S1,1790100099,complex_filter,1
U21,U21_S1,1790100099,filter_run,31.9
U21,U21_S1,1790100181,semantic_error,1
U21,U21_S1,1790100181,complex_filter,1
U21,U21_S1,1790100181,filter_run,31.0
U21,U21_S1,1790100245,template_used,1
U21,U21_S1,1790100245,complex_filter,1
U21,U21_S1,1790100245,filter_run,30.7
U21,U21_S1,1790100309,filter_run,29.3
U21,U21_S1,1790100397,complex_filter,1
U21,U21_S1,1790100397,filter_run,33.1
U21,U21_S1,1790100480,template_used,1
U21,U21_S1,1790100480,filter_run,34.3
U21,U21_S1,1790100529,template_used,1
U21,U21_S1,1790100529,filter_run,30.9
U21,U21_S1,1790100568,syntax_error,1
U21,U21_S1,1790100568,filter_run,20.5
U21,U21_S1,1790100616,template_used,1
U21,U21_S1,1790100616,complex_filter,1
U21,U21_S1,1790100616,filter_run,32.8
U21,U21_S1,1790100653,template_used,1
U21,U21_S1,1790100653,filter_run,25.4
U21,U21_S1,1790100716,template_used,1
U21,U21_S1,1790100716,filter_run,26.6
U21,U21_S1,1790100765,semantic_error,1
U21,U21_S1,1790100765,filter_run,37.2
U21,U21_S1,1790100819,template_used,1
U21,U21_S1,1790100819,complex_filter,1
U21,U21_S1,1790100819,filter_run,29.8
U21,U21_S1,1790100909,filter_run,37.7
U21,U21_S2,1790100986,template_used,1
U21,U21_S2,1790100986,filter_run,20.7
U21,U21_S2,1790101061,template_used,1
U21,U21_S2,1790101061,complex_filter,1
U21,U21_S2,1790101061,filter_run,30.4
U21,U21_S2,1790101115,filter_run,24.2
U21,U21_S2,1790101162,filter_run,30.1
U21,U21_S2,1790101228,template_used,1
U21,U21_S2,1790101228,filter_run,26.0
U21,U21_S2,1790101260,filter_run,26.7
U21,U21_S2,1790101327,filter_run,21.5
U21,U21_S2,1790101375,filter_run,41.0
U21,U21_S2,1790101448,complex_filter,1
U21,U21_S2,1790101448,filter_run,29.2
U21,U21_S2,1790101510,semantic_error,1
U21,U21_S2,1790101510,filter_run,29.7
U21,U21_S3,1790101586,filter_run,21.7
U21,U21_S3,1790101650,complex_filter,1
U21,U21_S3,1790101650,filter_run,27.1
U21,U21_S3,1790101676,filter_run,22.9
U21,U21_S3,1790101704,complex_filter,1
U21,U21_S3,1790101704,filter_run,35.1
U21,U21_S3,1790101732,template_used,1
U21,U21_S3,1790101732,filter_run,25.2
U21,U21_S3,1790101789,filter_run,19.2
U21,U21_S3,1790101822,filter_run,28.1
U21,U21_S3,1790101877,filter_run,15.8
U21,U21_S3,1790101962,template_used,1
U21,U21_S3,1790101962,complex_filter,1
U21,U21_S3,1790101962,filter_run,33.6
U21,U21_S3,1790102028,template_used,1
U21,U21_S3,1790102028,filter_run,25.6
U21,U21_S3,1790102071,template_used,1
U21,U21_S3,1790102071,complex_filter,1
U21,U21_S3,1790102071,filter_run,33.5
U21,U21_S4,1790102119,complex_filter,1
U21,U21_S4,1790102119,filter_run,22.7
U21,U21_S4,1790102159,syntax_error,1
U21,U21_S4,1790102159,filter_run,23.2
U21,U21_S4,1790102188,filter_run,16.2
U21,U21_S4,1790102230,filter_run,21.0
U21,U21_S4,1790102268,template_used,1
U21,U21_S4,1790102268,complex_filter,1
U21,U21_S4,1790102268,filter_run,27.0
U21,U21_S4,1790102307,template_used,1
U21,U21_S4,1790102307,complex_filter,1
U21,U21_S4,1790102307,filter_run,13.5
U21,U21_S4,1790102350,template_used,1
U21,U21_S4,1790102350,complex_filter,1
U21,U21_S4,1790102350,filter_run,31.7
U21,U21_S4,1790102377,filter_run,13.2
U21,U21_S4,1790102424,filter_run,20.6
U21,U21_S4,1790102446,template_used,1
U21,U21_S4,1790102446,filter_run,28.2
U21,U21_S4,1790102529,filter_run,20.4
U21,U21_S4,1790102601,template_used,1
U21,U21_S4,1790102601,filter_run,16.5
U21,U21_S4,1790102631,filter_run,16.4
U21,U21_S4,1790102663,template_used,1
U21,U21_S4,1790102663,complex_filter,1
U21,U21_S4,1790102663,filter_run,17.6
U21,U21_S4,1790102744,filter_run,21.1
U22,U22_S1,1790200063,filter_run,32.8
U22,U22_S1,1790200098,template_used,1
U22,U22_S1,1790200098,filter_run,33.2
U22,U22_S1,1790200151,filter_run,36.5
U22,U22_S1,1790200218,filter_run,25.8
U22,U22_S1,1790200275,filter_run,33.1
U22,U22_S1,1790200314,filter_run,36.9
U22,U22_S1,1790200390,complex_filter,1
U22,U22_S1,1790200390,filter_run,17.5
U22,U22_S1,1790200471,filter_run,30.4
U22,U22_S1,1790200555,complex_filter,1
U22,U22_S1,1790200555,filter_run,43.0
U22,U22_S1,1790200595,filter_run,23.8
U22,U22_S1,1790200637,template_used,1
U22,U22_S1,1790200637,filter_run,37.4
U22,U22_S1,1790200701,template_used,1
U22,U22_S1,1790200701,complex_filter,1
U22,U22_S1,1790200701,filter_run,33.9
U22,U22_S1,1790200766,template_used,1
U22,U22_S1,1790200766,filter_run,31.4
U22,U22_S1,1790200833,filter_run,41.1
U22,U22_S2,1790200866,semantic_error,1
U22,U22_S2,1790200866,filter_run,48.7
U22,U22_S2,1790200948,filter_run,40.8
U22,U22_S2,1790201036,filter_run,33.9
U22,U22_S2,1790201125,complex_filter,1
U22,U22_S2,1790201125,filter_run,34.4
U22,U22_S2,1790201175,filter_run,39.1
U22,U22_S2,1790201250,template_used,1
U22,U22_S2,1790201250,complex_filter,1
U22,U22_S2,1790201250,filter_run,36.0
U22,U22_S2,1790201278,template_used,1
U22,U22_S2,1790201278,semantic_error,1
U22,U22_S2,1790201278,complex_filter,1
U22,U22_S2,1790201278,filter_run,23.3
U22,U22_S2,1790201301,filter_run,40.5
U22,U22_S2,1790201365,template_used,1
U22,U22_S2,1790201365,filter_run,36.5
U22,U22_S2,1790201392,template_used,1
U22,U22_S2,1790201392,filter_run,34.3
U22,U22_S2,1790201477,filter_run,39.6
U22,U22_S2,1790201567,filter_run,40.3
U22,U22_S3,1790201595,syntax_error,1
U22,U22_S3,1790201595,complex_filter,1
U22,U22_S3,1790201595,filter_run,34.8
U22,U22_S3,1790201639,template_used,1
U22,U22_S3,1790201639,complex_filter,1
U22,U22_S3,1790201639,filter_run,29.3
U22,U22_S3,1790201677,complex_filter,1
U22,U22_S3,1790201677,filter_run,25.3
U22,U22_S3,1790201740,template_used,1
U22,U22_S3,1790201740,filter_run,35.0
U22,U22_S3,1790201814,filter_run,21.8
U22,U22_S3,1790201886,template_used,1
U22,U22_S3,1790201886,filter_run,16.6
U22,U22_S3,1790201919,template_used,1
U22,U22_S3,1790201919,filter_run,31.4
U22,U22_S3,1790202006,complex_filter,1
U22,U22_S3,1790202006,filter_run,31.9
U22,U22_S3,1790202046,filter_run,19.4
U22,U22_S3,1790202100,complex_filter,1
U22,U22_S3,1790202100,filter_run,25.8
U22,U22_S3,1790202142,template_used,1
U22,U22_S3,1790202142,filter_run,25.1
U22,U22_S3,1790202169,filter_run,37.2
U22,U22_S3,1790202212,filter_run,23.2
U22,U22_S4,1790202294,filter_run,31.6
U22,U22_S4,1790202383,filter_run,27.0
U22,U22_S4,1790202406,complex_filter,1
U22,U22_S4,1790202406,filter_run,26.9
U22,U22_S4,1790202464,filter_run,26.4
U22,U22_S4,1790202532,filter_run,46.0
U22,U22_S4,1790202561,complex_filter,1
U22,U22_S4,1790202561,filter_run,22.5
U22,U22_S4,1790202620,template_used,1
U22,U22_S4,1790202620,semantic_error,1
U22,U22_S4,1790202620,filter_run,39.6
U22,U22_S4,1790202656,filter_run,21.1
U22,U22_S4,1790202737,filter_run,41.1
U22,U22_S4,1790202771,template_used,1
U22,U22_S4,1790202771,syntax_error,1
U22,U22_S4,1790202771,filter_run,23.2
U22,U22_S4,1790202806,syntax_error,1
U22,U22_S4,1790202806,filter_run,31.2
U22,U22_S4,1790202895,template_used,1
U22,U22_S4,1790202895,filter_run,43.5
U22,U22_S4,1790202964,filter_run,32.9
U22,U22_S4,1790203007,filter_run,32.8
U22,U22_S4,1790203034,complex_filter,1
U22,U22_S4,1790203034,filter_run,20.0
U23,U23_S1,1790300040,template_used,1
U23,U23_S1,1790300040,complex_filter,1
U23,U23_S1,1790300040,filter_run,12.3
U23,U23_S1,1790300099,complex_filter,1
U23,U23_S1,1790300099,filter_run,14.2
U23,U23_S1,1790300148,complex_filter,1
U23,U23_S1,1790300148,filter_run,12.8
U23,U23_S1,1790300224,template_used,1
U23,U23_S1,1790300224,filter_run,10.6
U23,U23_S1,1790300254,template_used,1
U23,U23_S1,1790300254,complex_filter,1
U23,U23_S1,1790300254,filter_run,10.6
U23,U23_S1,1790300317,complex_filter,1
U23,U23_S1,1790300317,filter_run,14.4
U23,U23_S1,1790300384,template_used,1
U23,U23_S1,1790300384,complex_filter,1
U23,U23_S1,1790300384,filter_run,7.5
U23,U23_S1,1790300449,template_used,1
U23,U23_S1,1790300449,complex_filter,1
U23,U23_S1,1790300449,filter_run,10.1
U23,U23_S1,1790300485,template_used,1
U23,U23_S1,1790300485,filter_run,11.5
U23,U23_S1,1790300575,template_used,1
U23,U23_S1,1790300575,filter_run,9.7
U23,U23_S1,1790300637,template_used,1
U23,U23_S1,1790300637,complex_filter,1
U23,U23_S1,1790300637,filter_run,13.3
U23,U23_S1,1790300661,template_used,1
U23,U23_S1,1790300661,complex_filter,1
U23,U23_S1,1790300661,filter_run,11.2
U23,U23_S1,1790300743,template_used,1
U23,U23_S1,1790300743,complex_filter,1
U23,U23_S1,1790300743,filter_run,16.2
U23,U23_S2,1790300815,template_used,1
U23,U23_S2,1790300815,filter_run,7.2
U23,U23_S2,1790300903,template_used,1
U23,U23_S2,1790300903,complex_filter,1
U23,U23_S2,1790300903,filter_run,12.9
U23,U23_S2,1790300947,template_used,1
U23,U23_S2,1790300947,complex_filter,1
U23,U23_S2,1790300947,filter_run,11.5
U23,U23_S2,1790300973,template_used,1
U23,U23_S2,1790300973,complex_filter,1
U23,U23_S2,1790300973,filter_run,12.1
U23,U23_S2,1790301042,template_used,1
U23,U23_S2,1790301042,complex_filter,1
U23,U23_S2,1790301042,filter_run,12.5
U23,U23_S2,1790301132,template_used,1
U23,U23_S2,1790301132,complex_filter,1
U23,U23_S2,1790301132,filter_run,9.7
U23,U23_S2,1790301158,template_used,1
U23,U23_S2,1790301158,complex_filter,1
U23,U23_S2,1790301158,filter_run,13.6
U23,U23_S2,1790301239,template_used,1
U23,U23_S2,1790301239,complex_filter,1
U23,U23_S2,1790301239,filter_run,12.3
U23,U23_S2,1790301291,filter_run,12.9
U23,U23_S2,1790301360,template_used,1
U23,U23_S2,1790301360,complex_filter,1
U23,U23_S2,1790301360,filter_run,10.0
U23,U23_S2,1790301403,template_used,1
U23,U23_S2,1790301403,filter_run,13.8
U23,U23_S2,1790301427,template_used,1
U23,U23_S2,1790301427,complex_filter,1
U23,U23_S2,1790301427,filter_run,14.6
U23,U23_S3,1790301484,template_used,1
U23,U23_S3,1790301484,complex_filter,1
U23,U23_S3,1790301484,filter_run,11.4
U23,U23_S3,1790301558,template_used,1
U23,U23_S3,1790301558,filter_run,11.6
U23,U23_S3,1790301617,template_used,1
U23,U23_S3,1790301617,complex_filter,1
U23,U23_S3,1790301617,filter_run,8.5
U23,U23_S3,1790301655,complex_filter,1
U23,U23_S3,1790301655,filter_run,13.6
U23,U23_S3,1790301737,template_used,1
U23,U23_S3,1790301737,complex_filter,1
U23,U23_S3,1790301737,filter_run,13.5
U23,U23_S3,1790301805,complex_filter,1
U23,U23_S3,1790301805,filter_run,7.2
U23,U23_S3,1790301869,complex_filter,1
U23,U23_S3,1790301869,filter_run,6.0
U23,U23_S3,1790301916,template_used,1
U23,U23_S3,1790301916,complex_filter,1
U23,U23_S3,1790301916,filter_run,8.6
U23,U23_S3,1790301954,template_used,1
U23,U23_S3,1790301954,complex_filter,1
U23,U23_S3,1790301954,filter_run,12.7
U23,U23_S3,1790301995,template_used,1
U23,U23_S3,1790301995,filter_run,10.5
U23,U23_S3,1790302061,template_used,1
U23,U23_S3,1790302061,complex_filter,1
U23,U23_S3,1790302061,filter_run,11.1
U23,U23_S3,1790302108,template_used,1
U23,U23_S3,1790302108,complex_filter,1
U23,U23_S3,1790302108,filter_run,10.1
U23,U23_S3,1790302161,template_used,1
U23,U23_S3,1790302161,complex_filter,1
U23,U23_S3,1790302161,filter_run,9.6
U23,U23_S3,1790302234,template_used,1
U23,U23_S3,1790302234,complex_filter,1
U23,U23_S3,1790302234,filter_run,11.1
U23,U23_S3,1790302269,complex_filter,1
U23,U23_S3,1790302269,filter_run,9.5
U23,U23_S4,1790302327,template_used,1
U23,U23_S4,1790302327,complex_filter,1
U23,U23_S4,1790302327,filter_run,6.9
U23,U23_S4,1790302392,template_used,1
U23,U23_S4,1790302392,complex_filter,1
U23,U23_S4,1790302392,filter_run,12.0
U23,U23_S4,1790302412,template_used,1
U23,U23_S4,1790302412,filter_run,7.6
U23,U23_S4,1790302481,template_used,1
U23,U23_S4,1790302481,filter_run,4.0
U23,U23_S4,1790302569,template_used,1
U23,U23_S4,1790302569,complex_filter,1
U23,U23_S4,1790302569,filter_run,10.7
U23,U23_S4,1790302657,template_used,1
U23,U23_S4,1790302657,complex_filter,1
U23,U23_S4,1790302657,filter_run,12.6
U23,U23_S4,1790302684,template_used,1
U23,U23_S4,1790302684,complex_filter,1
U23,U23_S4,1790302684,filter_run,9.9
U23,U23_S4,1790302762,template_used,1
U23,U23_S4,1790302762,syntax_error,1
U23,U23_S4,1790302762,complex_filter,1
U23,U23_S4,1790302762,filter_run,7.7
U23,U23_S4,1790302814,filter_run,10.7
U23,U23_S4,1790302838,template_used,1
U23,U23_S4,1790302838,complex_filter,1
U23,U23_S4,1790302838,filter_run,10.9
U23,U23_S4,1790302858,template_used,1
U23,U23_S4,1790302858,filter_run,10.4
U23,U23_S4,1790302897,template_used,1
U23,U23_S4,1790302897,filter_run,13.3
U23,U23_S4,1790302930,complex_filter,1
U23,U23_S4,1790302930,filter_run,8.8
U23,U23_S4,1790302978,template_used,1
U23,U23_S4,1790302978,filter_run,11.0
U24,U24_S1,1790400081,complex_filter,1
U24,U24_S1,1790400081,filter_run,22.3
U24,U24_S1,1790400139,template_used,1
U24,U24_S1,1790400139,complex_filter,1
U24,U24_S1,1790400139,filter_run,19.9
U24,U24_S1,1790400159,template_used,1
U24,U24_S1,1790400159,complex_filter,1
U24,U24_S1,1790400159,filter_run,19.8
U24,U24_S1,1790400222,template_used,1
U24,U24_S1,1790400222,complex_filter,1
U24,U24_S1,1790400222,filter_run,16.7
U24,U24_S1,1790400312,template_used,1
U24,U24_S1,1790400312,complex_filter,1
U24,U24_S1,1790400312,filter_run,16.5
U24,U24_S1,1790400376,filter_run,15.7
U24,U24_S1,1790400447,complex_filter,1
U24,U24_S1,1790400447,filter_run,15.2
U24,U24_S1,1790400489,template_used,1
U24,U24_S1,1790400489,filter_run,14.9
U24,U24_S1,1790400530,template_used,1
U24,U24_S1,1790400530,complex_filter,1
U24,U24_S1,1790400530,filter_run,18.7
U24,U24_S1,1790400602,complex_filter,1
U24,U24_S1,1790400602,filter_run,17.1
U24,U24_S2,1790400676,template_used,1
U24,U24_S2,1790400676,complex_filter,1
U24,U24_S2,1790400676,filter_run,13.3
U24,U24_S2,1790400751,template_used,1
U24,U24_S2,1790400751,syntax_error,1
U24,U24_S2,1790400751,filter_run,13.0
U24,U24_S2,1790400806,template_used,1
U24,U24_S2,1790400806,complex_filter,1
U24,U24_S2,1790400806,filter_run,17.2
U24,U24_S2,1790400827,template_used,1
U24,U24_S2,1790400827,complex_filter,1
U24,U24_S2,1790400827,filter_run,14.6
U24,U24_S2,1790400864,template_used,1
U24,U24_S2,1790400864,filter_run,9.8
U24,U24_S2,1790400949,template_used,1
U24,U24_S2,1790400949,filter_run,16.4
U24,U24_S2,1790400978,template_used,1
U24,U24_S2,1790400978,filter_run,20.1
U24,U24_S2,1790400998,template_used,1
U24,U24_S2,1790400998,filter_run,17.6
U24,U24_S2,1790401085,template_used,1
U24,U24_S2,1790401085,filter_run,13.6
U24,U24_S2,1790401135,template_used,1
U24,U24_S2,1790401135,complex_filter,1
U24,U24_S2,1790401135,filter_run,13.2
U24,U24_S2,1790401199,template_used,1
U24,U24_S2,1790401199,complex_filter,1
U24,U24_S2,1790401199,filter_run,14.0
U24,U24_S3,1790401241,template_used,1
U24,U24_S3,1790401241,complex_filter,1
U24,U24_S3,1790401241,filter_run,15.0
U24,U24_S3,1790401302,template_used,1
U24,U24_S3,1790401302,complex_filter,1
U24,U24_S3,1790401302,filter_run,14.4
U24,U24_S3,1790401358,complex_filter,1
U24,U24_S3,1790401358,filter_run,18.1
U24,U24_S3,1790401378,template_used,1
U24,U24_S3,1790401378,complex_filter,1
U24,U24_S3,1790401378,filter_run,14.4
U24,U24_S3,1790401425,complex_filter,1
U24,U24_S3,1790401425,filter_run,12.2
U24,U24_S3,1790401450,template_used,1
U24,U24_S3,1790401450,filter_run,17.2
U24,U24_S3,1790401495,template_used,1
U24,U24_S3,1790401495,complex_filter,1
U24,U24_S3,1790401495,filter_run,14.0
U24,U24_S3,1790401539,template_used,1
U24,U24_S3,1790401539,complex_filter,1
U24,U24_S3,1790401539,filter_run,9.9
U24,U24_S3,1790401605,template_used,1
U24,U24_S3,1790401605,complex_filter,1
U24,U24_S3,1790401605,filter_run,10.9
U24,U24_S3,1790401652,template_used,1
U24,U24_S3,1790401652,complex_filter,1
U24,U24_S3,1790401652,filter_run,17.8
U24,U24_S3,1790401732,template_used,1
U24,U24_S3,1790401732,filter_run,14.7
U24,U24_S3,1790401782,complex_filter,1
U24,U24_S3,1790401782,filter_run,14.2
U24,U24_S3,1790401861,complex_filter,1
U24,U24_S3,1790401861,filter_run,19.0
U24,U24_S3,1790401930,template_used,1
U24,U24_S3,1790401930,semantic_error,1
U24,U24_S3,1790401930,complex_filter,1
U24,U24_S3,1790401930,filter_run,16.3
U24,U24_S3,1790401955,filter_run,10.8
U24,U24_S4,1790401994,template_used,1
U24,U24_S4,1790401994,complex_filter,1
U24,U24_S4,1790401994,filter_run,12.6
U24,U24_S4,1790402034,template_used,1
U24,U24_S4,1790402034,filter_run,11.0
U24,U24_S4,1790402111,template_used,1
U24,U24_S4,1790402111,syntax_error,1
U24,U24_S4,1790402111,filter_run,20.4
U24,U24_S4,1790402138,template_used,1
U24,U24_S4,1790402138,complex_filter,1
U24,U24_S4,1790402138,filter_run,14.2
U24,U24_S4,1790402168,template_used,1
U24,U24_S4,1790402168,complex_filter,1
U24,U24_S4,1790402168,filter_run,13.0
U24,U24_S4,1790402212,filter_run,14.2
U24,U24_S4,1790402239,template_used,1
U24,U24_S4,1790402239,complex_filter,1
U24,U24_S4,1790402239,filter_run,20.3
U24,U24_S4,1790402311,template_used,1
U24,U24_S4,1790402311,filter_run,13.3
U24,U24_S4,1790402389,template_used,1
U24,U24_S4,1790402389,complex_filter,1
U24,U24_S4,1790402389,filter_run,17.1
U24,U24_S4,1790402412,template_used,1
U24,U24_S4,1790402412,complex_filter,1
U24,U24_S4,1790402412,filter_run,19.8
U24,U24_S4,1790402447,template_used,1
U24,U24_S4,1790402447,semantic_error,1
U24,U24_S4,1790402447,complex_filter,1
U24,U24_S4,1790402447,filter_run,15.8
U24,U24_S4,1790402507,template_used,1
U24,U24_S4,1790402507,complex_filter,1
U24,U24_S4,1790402507,filter_run,17.1
U24,U24_S4,1790402590,template_used,1
U24,U24_S4,1790402590,complex_filter,1
U24,U24_S4,1790402590,filter_run,19.0
U24,U24_S4,1790402662,template_used,1
U24,U24_S4,1790402662,complex_filter,1
U24,U24_S4,1790402662,filter_run,20.1
U25,U25_S1,1790500055,template_used,1
U25,U25_S1,1790500055,filter_run,17.6
U25,U25_S1,1790500084,template_used,1
U25,U25_S1,1790500084,complex_filter,1
U25,U25_S1,1790500084,filter_run,23.2
U25,U25_S1,1790500104,template_used,1
U25,U25_S1,1790500104,complex_filter,1
U25,U25_S1,1790500104,filter_run,17.2
U25,U25_S1,1790500161,template_used,1
U25,U25_S1,1790500161,complex_filter,1
U25,U25_S1,1790500161,filter_run,16.4
U25,U25_S1,1790500231,template_used,1
U25,U25_S1,1790500231,complex_filter,1
U25,U25_S1,1790500231,filter_run,15.9
U25,U25_S1,1790500270,template_used,1
U25,U25_S1,1790500270,filter_run,15.8
U25,U25_S1,1790500356,template_used,1
U25,U25_S1,1790500356,filter_run,18.2
U25,U25_S1,1790500424,template_used,1
U25,U25_S1,1790500424,filter_run,15.1
U25,U25_S1,1790500466,template_used,1
U25,U25_S1,1790500466,complex_filter,1
U25,U25_S1,1790500466,filter_run,19.3
U25,U25_S1,1790500541,complex_filter,1
U25,U25_S1,1790500541,filter_run,14.5
U25,U25_S1,1790500599,template_used,1
U25,U25_S1,1790500599,complex_filter,1
U25,U25_S1,1790500599,filter_run,16.8
U25,U25_S1,1790500678,complex_filter,1
U25,U25_S1,1790500678,filter_run,16.4
U25,U25_S2,1790500762,template_used,1
U25,U25_S2,1790500762,complex_filter,1
U25,U25_S2,1790500762,filter_run,13.4
U25,U25_S2,1790500798,template_used,1
U25,U25_S2,1790500798,filter_run,11.6
U25,U25_S2,1790500883,syntax_error,1
U25,U25_S2,1790500883,complex_filter,1
U25,U25_S2,1790500883,filter_run,17.5
U25,U25_S2,1790500951,filter_run,16.7
U25,U25_S2,1790501006,complex_filter,1
U25,U25_S2,1790501006,filter_run,15.6
U25,U25_S2,1790501059,complex_filter,1
U25,U25_S2,1790501059,filter_run,19.9
U25,U25_S2,1790501104,template_used,1
U25,U25_S2,1790501104,complex_filter,1
U25,U25_S2,1790501104,filter_run,17.7
U25,U25_S2,1790501191,template_used,1
U25,U25_S2,1790501191,complex_filter,1
U25,U25_S2,1790501191,filter_run,13.4
U25,U25_S2,1790501276,template_used,1
U25,U25_S2,1790501276,complex_filter,1
U25,U25_S2,1790501276,filter_run,17.5
U25,U25_S2,1790501336,template_used,1
U25,U25_S2,1790501336,complex_filter,1
U25,U25_S2,1790501336,filter_run,11.2
U25,U25_S2,1790501373,template_used,1
U25,U25_S2,1790501373,complex_filter,1
U25,U25_S2,1790501373,filter_run,13.1
U25,U25_S2,1790501424,template_used,1
U25,U25_S2,1790501424,complex_filter,1
U25,U25_S2,1790501424,filter_run,16.3
U25,U25_S2,1790501447,complex_filter,1
U25,U25_S2,1790501447,filter_run,12.5
U25,U25_S3,1790501520,complex_filter,1
U25,U25_S3,1790501520,filter_run,16.1
U25,U25_S3,1790501590,complex_filter,1
U25,U25_S3,1790501590,filter_run,19.6
U25,U25_S3,1790501671,template_used,1
U25,U25_S3,1790501671,complex_filter,1
U25,U25_S3,1790501671,filter_run,11.1
U25,U25_S3,1790501702,template_used,1
U25,U25_S3,1790501702,complex_filter,1
U25,U25_S3,1790501702,filter_run,18.4
U25,U25_S3,1790501730,template_used,1
U25,U25_S3,1790501730,filter_run,16.7
U25,U25_S3,1790501757,template_used,1
U25,U25_S3,1790501757,complex_filter,1
U25,U25_S3,1790501757,filter_run,12.3
U25,U25_S3,1790501778,template_used,1
U25,U25_S3,1790501778,filter_run,10.7
U25,U25_S3,1790501868,template_used,1
U25,U25_S3,1790501868,filter_run,19.7
U25,U25_S3,1790501952,template_used,1
U25,U25_S3,1790501952,complex_filter,1
U25,U25_S3,1790501952,filter_run,16.7
U25,U25_S3,1790502007,syntax_error,1
U25,U25_S3,1790502007,filter_run,15.9
U25,U25_S3,1790502087,complex_filter,1
U25,U25_S3,1790502087,filter_run,13.8
U25,U25_S3,1790502144,template_used,1
U25,U25_S3,1790502144,complex_filter,1
U25,U25_S3,1790502144,filter_run,17.7
U25,U25_S3,1790502178,template_used,1
U25,U25_S3,1790502178,syntax_error,1
U25,U25_S3,1790502178,complex_filter,1
U25,U25_S3,1790502178,filter_run,17.6
U25,U25_S3,1790502242,template_used,1
U25,U25_S3,1790502242,filter_run,17.0
U25,U25_S4,1790502283,template_used,1
U25,U25_S4,1790502283,complex_filter,1
U25,U25_S4,1790502283,filter_run,15.7
U25,U25_S4,1790502345,template_used,1
U25,U25_S4,1790502345,complex_filter,1
U25,U25_S4,1790502345,filter_run,12.5
U25,U25_S4,1790502420,template_used,1
U25,U25_S4,1790502420,complex_filter,1
U25,U25_S4,1790502420,filter_run,10.8
U25,U25_S4,1790502490,complex_filter,1
U25,U25_S4,1790502490,filter_run,19.0
U25,U25_S4,1790502541,template_used,1
U25,U25_S4,1790502541,complex_filter,1
U25,U25_S4,1790502541,filter_run,16.5
U25,U25_S4,1790502583,complex_filter,1
U25,U25_S4,1790502583,filter_run,18.4
U25,U25_S4,1790502608,complex_filter,1
U25,U25_S4,1790502608,filter_run,19.5
U25,U25_S4,1790502677,template_used,1
U25,U25_S4,1790502677,semantic_error,1
U25,U25_S4,1790502677,complex_filter,1
U25,U25_S4,1790502677,filter_run,16.5
U25,U25_S4,1790502766,template_used,1
U25,U25_S4,1790502766,filter_run,16.7
U25,U25_S4,1790502801,complex_filter,1
U25,U25_S4,1790502801,filter_run,16.3
U25,U25_S4,1790502868,template_used,1
U25,U25_S4,1790502868,filter_run,17.2
U26,U26_S1,1790600073,complex_filter,1
U26,U26_S1,1790600073,filter_run,16.9
U26,U26_S1,1790600103,template_used,1
U26,U26_S1,1790600103,filter_run,14.6
U26,U26_S1,1790600161,template_used,1
U26,U26_S1,1790600161,semantic_error,1
U26,U26_S1,1790600161,complex_filter,1
U26,U26_S1,1790600161,filter_run,20.5
U26,U26_S1,1790600226,filter_run,18.4
U26,U26_S1,1790600260,complex_filter,1
U26,U26_S1,1790600260,filter_run,22.0
U26,U26_S1,1790600331,semantic_error,1
U26,U26_S1,1790600331,complex_filter,1
U26,U26_S1,1790600331,filter_run,15.8
U26,U26_S1,1790600359,template_used,1
U26,U26_S1,1790600359,complex_filter,1
U26,U26_S1,1790600359,filter_run,18.6
U26,U26_S1,1790600385,template_used,1
U26,U26_S1,1790600385,complex_filter,1
U26,U26_S1,1790600385,filter_run,26.6
U26,U26_S1,1790600427,template_used,1
U26,U26_S1,1790600427,complex_filter,1
U26,U26_S1,1790600427,filter_run,17.7
U26,U26_S1,1790600505,template_used,1
U26,U26_S1,1790600505,complex_filter,1
U26,U26_S1,1790600505,filter_run,21.5
U26,U26_S1,1790600552,complex_filter,1
U26,U26_S1,1790600552,filter_run,20.4
U26,U26_S1,1790600614,syntax_error,1
U26,U26_S1,1790600614,complex_filter,1
U26,U26_S1,1790600614,filter_run,24.0
U26,U26_S1,1790600678,complex_filter,1
U26,U26_S1,1790600678,filter_run,16.1
U26,U26_S1,1790600706,template_used,1
U26,U26_S1,1790600706,complex_filter,1
U26,U26_S1,1790600706,filter_run,17.1
U26,U26_S1,1790600735,complex_filter,1
U26,U26_S1,1790600735,filter_run,18.8
U26,U26_S2,1790600776,template_used,1
U26,U26_S2,1790600776,syntax_error,1
U26,U26_S2,1790600776,complex_filter,1
U26,U26_S2,1790600776,filter_run,17.3
U26,U26_S2,1790600843,template_used,1
U26,U26_S2,1790600843,complex_filter,1
U26,U26_S2,1790600843,filter_run,10.4
U26,U26_S2,1790600894,filter_run,14.7
U26,U26_S2,1790600951,complex_filter,1
U26,U26_S2,1790600951,filter_run,24.3
U26,U26_S2,1790601038,complex_filter,1
U26,U26_S2,1790601038,filter_run,12.9
U26,U26_S2,1790601066,template_used,1
U26,U26_S2,1790601066,filter_run,17.9
U26,U26_S2,1790601121,template_used,1
U26,U26_S2,1790601121,complex_filter,1
U26,U26_S2,1790601121,filter_run,15.0
U26,U26_S2,1790601190,template_used,1
U26,U26_S2,1790601190,complex_filter,1
U26,U26_S2,1790601190,filter_run,20.3
U26,U26_S2,1790601269,complex_filter,1
U26,U26_S2,1790601269,filter_run,15.2
U26,U26_S2,1790601340,template_used,1
U26,U26_S2,1790601340,filter_run,14.3
U26,U26_S2,1790601395,complex_filter,1
U26,U26_S2,1790601395,filter_run,20.3
U26,U26_S2,1790601447,complex_filter,1
U26,U26_S2,1790601447,filter_run,15.8
U26,U26_S3,1790601529,complex_filter,1
U26,U26_S3,1790601529,filter_run,18.6
U26,U26_S3,1790601609,syntax_error,1
U26,U26_S3,1790601609,complex_filter,1
U26,U26_S3,1790601609,filter_run,15.2
U26,U26_S3,1790601638,complex_filter,1
U26,U26_S3,1790601638,filter_run,16.0
U26,U26_S3,1790601670,template_used,1
U26,U26_S3,1790601670,complex_filter,1
U26,U26_S3,1790601670,filter_run,15.0
U26,U26_S3,1790601700,complex_filter,1
U26,U26_S3,1790601700,filter_run,13.0
U26,U26_S3,1790601759,template_used,1
U26,U26_S3,1790601759,complex_filter,1
U26,U26_S3,1790601759,filter_run,13.6
U26,U26_S3,1790601817,complex_filter,1
U26,U26_S3,1790601817,filter_run,14.6
U26,U26_S3,1790601873,filter_run,11.8
U26,U26_S3,1790601919,filter_run,18.3
U26,U26_S3,1790601988,complex_filter,1
U26,U26_S3,1790601988,filter_run,14.2
U26,U26_S4,1790602049,filter_run,15.7
U26,U26_S4,1790602085,filter_run,13.7
U26,U26_S4,1790602159,template_used,1
U26,U26_S4,1790602159,filter_run,15.1
U26,U26_S4,1790602180,template_used,1
U26,U26_S4,1790602180,filter_run,17.2
U26,U26_S4,1790602233,complex_filter,1
U26,U26_S4,1790602233,filter_run,18.2
U26,U26_S4,1790602260,template_used,1
U26,U26_S4,1790602260,filter_run,17.4
U26,U26_S4,1790602294,template_used,1
U26,U26_S4,1790602294,complex_filter,1
U26,U26_S4,1790602294,filter_run,17.9
U26,U26_S4,1790602351,complex_filter,1
U26,U26_S4,1790602351,filter_run,15.1
U26,U26_S4,1790602376,template_used,1
U26,U26_S4,1790602376,complex_filter,1
U26,U26_S4,1790602376,filter_run,17.2
U26,U26_S4,1790602446,template_used,1
U26,U26_S4,1790602446,filter_run,10.3
U26,U26_S4,1790602477,complex_filter,1
U26,U26_S4,1790602477,filter_run,14.9
U26,U26_S4,1790602552,filter_run,15.7
U27,U27_S1,1790700082,complex_filter,1
U27,U27_S1,1790700082,filter_run,24.5
U27,U27_S1,1790700153,complex_filter,1
U27,U27_S1,1790700153,filter_run,18.1
U27,U27_S1,1790700229,complex_filter,1
U27,U27_S1,1790700229,filter_run,16.3
U27,U27_S1,1790700257,complex_filter,1
U27,U27_S1,1790700257,filter_run,14.4
U27,U27_S1,1790700311,template_used,1
U27,U27_S1,1790700311,complex_filter,1
U27,U27_S1,1790700311,filter_run,18.3
U27,U27_S1,1790700338,complex_filter,1
U27,U27_S1,1790700338,filter_run,22.5
U27,U27_S1,1790700376,complex_filter,1
U27,U27_S1,1790700376,filter_run,21.2
U27,U27_S1,1790700422,template_used,1
U27,U27_S1,1790700422,complex_filter,1
U27,U27_S1,1790700422,filter_run,14.5
U27,U27_S1,1790700498,complex_filter,1
U27,U27_S1,1790700498,filter_run,11.3
U27,U27_S1,1790700533,template_used,1
U27,U27_S1,1790700533,complex_filter,1
U27,U27_S1,1790700533,filter_run,9.3
U27,U27_S1,1790700623,template_used,1
U27,U27_S1,1790700623,complex_filter,1
U27,U27_S1,1790700623,filter_run,15.6
U27,U27_S1,1790700704,complex_filter,1
U27,U27_S1,1790700704,filter_run,19.5
U27,U27_S1,1790700775,template_used,1
U27,U27_S1,1790700775,complex_filter,1
U27,U27_S1,1790700775,filter_run,20.4
U27,U27_S1,1790700851,template_used,1
U27,U27_S1,1790700851,complex_filter,1
U27,U27_S1,1790700851,filter_run,20.1
U27,U27_S2,1790700922,template_used,1
U27,U27_S2,1790700922,complex_filter,1
U27,U27_S2,1790700922,filter_run,13.1
U27,U27_S2,1790700956,template_used,1
U27,U27_S2,1790700956,complex_filter,1
U27,U27_S2,1790700956,filter_run,14.5
U27,U27_S2,1790701037,template_used,1
U27,U27_S2,1790701037,complex_filter,1
U27,U27_S2,1790701037,filter_run,15.6
U27,U27_S2,1790701119,template_used,1
U27,U27_S2,1790701119,complex_filter,1
U27,U27_S2,1790701119,filter_run,14.9
U27,U27_S2,1790701186,template_used,1
U27,U27_S2,1790701186,complex_filter,1
U27,U27_S2,1790701186,filter_run,17.6
U27,U27_S2,1790701255,complex_filter,1
U27,U27_S2,1790701255,filter_run,16.6
U27,U27_S2,1790701344,syntax_error,1
U27,U27_S2,1790701344,filter_run,13.5
U27,U27_S2,1790701418,template_used,1
U27,U27_S2,1790701418,complex_filter,1
U27,U27_S2,1790701418,filter_run,17.2
U27,U27_S2,1790701499,complex_filter,1
U27,U27_S2,1790701499,filter_run,12.8
U27,U27_S2,1790701555,complex_filter,1
U27,U27_S2,1790701555,filter_run,16.2
U27,U27_S2,1790701633,template_used,1
U27,U27_S2,1790701633,complex_filter,1
U27,U27_S2,1790701633,filter_run,11.1
U27,U27_S2,1790701676,template_used,1
U27,U27_S2,1790701676,complex_filter,1
U27,U27_S2,1790701676,filter_run,16.5
U27,U27_S3,1790701736,template_used,1
U27,U27_S3,1790701736,complex_filter,1
U27,U27_S3,1790701736,filter_run,13.9
U27,U27_S3,1790701801,template_used,1
U27,U27_S3,1790701801,complex_filter,1
U27,U27_S3,1790701801,filter_run,14.2
U27,U27_S3,1790701850,complex_filter,1
U27,U27_S3,1790701850,filter_run,15.7
U27,U27_S3,1790701906,template_used,1
U27,U27_S3,1790701906,complex_filter,1
U27,U27_S3,1790701906,filter_run,14.1
U27,U27_S3,1790701928,template_used,1
U27,U27_S3,1790701928,complex_filter,1
U27,U27_S3,1790701928,filter_run,17.9
U27,U27_S3,1790702014,complex_filter,1
U27,U27_S3,1790702014,filter_run,10.7
U27,U27_S3,1790702064,complex_filter,1
U27,U27_S3,1790702064,filter_run,18.5
U27,U27_S3,1790702139,complex_filter,1
U27,U27_S3,1790702139,filter_run,16.8
U27,U27_S3,1790702206,template_used,1
U27,U27_S3,1790702206,complex_filter,1
U27,U27_S3,1790702206,filter_run,12.2
U27,U27_S3,1790702242,template_used,1
U27,U27_S3,1790702242,complex_filter,1
U27,U27_S3,1790702242,filter_run,10.2
U27,U27_S3,1790702322,template_used,1
U27,U27_S3,1790702322,complex_filter,1
U27,U27_S3,1790702322,filter_run,13.1
U27,U27_S3,1790702392,complex_filter,1
U27,U27_S3,1790702392,filter_run,13.3
U27,U27_S3,1790702417,template_used,1
U27,U27_S3,1790702417,complex_filter,1
U27,U27_S3,1790702417,filter_run,15.8
U27,U27_S3,1790702460,template_used,1
U27,U27_S3,1790702460,complex_filter,1
U27,U27_S3,1790702460,filter_run,14.6
U27,U27_S4,1790702508,complex_filter,1
U27,U27_S4,1790702508,filter_run,12.4
U27,U27_S4,1790702554,template_used,1
U27,U27_S4,1790702554,complex_filter,1
U27,U27_S4,1790702554,filter_run,9.5
U27,U27_S4,1790702585,template_used,1
U27,U27_S4,1790702585,complex_filter,1
U27,U27_S4,1790702585,filter_run,13.5
U27,U27_S4,1790702673,template_used,1
U27,U27_S4,1790702673,complex_filter,1
U27,U27_S4,1790702673,filter_run,19.4
U27,U27_S4,1790702726,filter_run,13.6
U27,U27_S4,1790702759,syntax_error,1
U27,U27_S4,1790702759,complex_filter,1
U27,U27_S4,1790702759,filter_run,18.5
U27,U27_S4,1790702802,filter_run,14.7
U27,U27_S4,1790702823,template_used,1
U27,U27_S4,1790702823,complex_filter,1
U27,U27_S4,1790702823,filter_run,16.5
U27,U27_S4,1790702854,template_used,1
U27,U27_S4,1790702854,complex_filter,1
U27,U27_S4,1790702854,filter_run,22.0
U27,U27_S4,1790702926,template_used,1
U27,U27_S4,1790702926,complex_filter,1
U27,U27_S4,1790702926,filter_run,17.2
U27,U27_S4,1790702977,template_used,1
U27,U27_S4,1790702977,complex_filter,1
U27,U27_S4,1790702977,filter_run,17.1
U28,U28_S1,1790800067,template_used,1
U28,U28_S1,1790800067,complex_filter,1
U28,U28_S1,1790800067,filter_run,20.2
U28,U28_S1,1790800091,template_used,1
U28,U28_S1,1790800091,filter_run,18.5
U28,U28_S1,1790800113,template_used,1
U28,U28_S1,1790800113,filter_run,21.1
U28,U28_S1,1790800171,template_used,1
U28,U28_S1,1790800171,complex_filter,1
U28,U28_S1,1790800171,filter_run,19.0
U28,U28_S1,1790800261,template_used,1
U28,U28_S1,1790800261,complex_filter,1
U28,U28_S1,1790800261,filter_run,16.0
U28,U28_S1,1790800340,template_used,1
U28,U28_S1,1790800340,filter_run,15.4
U28,U28_S1,1790800391,filter_run,17.5
U28,U28_S1,1790800457,filter_run,13.2
U28,U28_S1,1790800504,template_used,1
U28,U28_S1,1790800504,filter_run,18.3
U28,U28_S1,1790800564,filter_run,18.5
U28,U28_S1,1790800621,template_used,1
U28,U28_S1,1790800621,complex_filter,1
U28,U28_S1,1790800621,filter_run,21.2
U28,U28_S1,1790800704,filter_run,18.0
U28,U28_S2,1790800737,template_used,1
U28,U28_S2,1790800737,complex_filter,1
U28,U28_S2,1790800737,filter_run,18.8
U28,U28_S2,1790800821,template_used,1
U28,U28_S2,1790800821,filter_run,15.2
U28,U28_S2,1790800862,template_used,1
U28,U28_S2,1790800862,complex_filter,1
U28,U28_S2,1790800862,filter_run,14.6
U28,U28_S2,1790800928,template_used,1
U28,U28_S2,1790800928,complex_filter,1
U28,U28_S2,1790800928,filter_run,20.8
U28,U28_S2,1790800959,template_used,1
U28,U28_S2,1790800959,complex_filter,1
U28,U28_S2,1790800959,filter_run,13.3
U28,U28_S2,1790800995,template_used,1
U28,U28_S2,1790800995,complex_filter,1
U28,U28_S2,1790800995,filter_run,22.2
U28,U28_S2,1790801059,template_used,1
U28,U28_S2,1790801059,semantic_error,1
U28,U28_S2,1790801059,complex_filter,1
U28,U28_S2,1790801059,filter_run,15.6
U28,U28_S2,1790801138,filter_run,19.4
U28,U28_S2,1790801174,template_used,1
U28,U28_S2,1790801174,complex_filter,1
U28,U28_S2,1790801174,filter_run,15.9
U28,U28_S2,1790801224,template_used,1
U28,U28_S2,1790801224,filter_run,15.1
U28,U28_S2,1790801284,template_used,1
U28,U28_S2,1790801284,complex_filter,1
U28,U28_S2,1790801284,filter_run,22.1
U28,U28_S2,1790801326,template_used,1
U28,U28_S2,1790801326,complex_filter,1
U28,U28_S2,1790801326,filter_run,14.9
U28,U28_S2,1790801359,template_used,1
U28,U28_S2,1790801359,complex_filter,1
U28,U28_S2,1790801359,filter_run,16.8
U28,U28_S2,1790801447,filter_run,13.1
U28,U28_S2,1790801516,filter_run,19.0
U28,U28_S3,1790801562,filter_run,16.0
U28,U28_S3,1790801583,template_used,1
U28,U28_S3,1790801583,complex_filter,1
U28,U28_S3,1790801583,filter_run,21.1
U28,U28_S3,1790801656,complex_filter,1
U28,U28_S3,1790801656,filter_run,17.9
U28,U28_S3,1790801708,complex_filter,1
U28,U28_S3,1790801708,filter_run,12.1
U28,U28_S3,1790801749,template_used,1
U28,U28_S3,1790801749,complex_filter,1
U28,U28_S3,1790801749,filter_run,15.1
U28,U28_S3,1790801828,filter_run,14.1
U28,U28_S3,1790801880,filter_run,17.3
U28,U28_S3,1790801946,complex_filter,1
U28,U28_S3,1790801946,filter_run,16.5
U28,U28_S3,1790801973,template_used,1
U28,U28_S3,1790801973,filter_run,14.0
U28,U28_S3,1790802033,complex_filter,1
U28,U28_S3,1790802033,filter_run,18.5
U28,U28_S4,1790802079,template_used,1
U28,U28_S4,1790802079,complex_filter,1
U28,U28_S4,1790802079,filter_run,13.7
U28,U28_S4,1790802157,template_used,1
U28,U28_S4,1790802157,filter_run,13.1
U28,U28_S4,1790802240,filter_run,13.0
U28,U28_S4,1790802307,filter_run,20.0
U28,U28_S4,1790802392,template_used,1
U28,U28_S4,1790802392,complex_filter,1
U28,U28_S4,1790802392,filter_run,11.6
U28,U28_S4,1790802474,template_used,1
U28,U28_S4,1790802474,complex_filter,1
U28,U28_S4,1790802474,filter_run,17.5
U28,U28_S4,1790802510,template_used,1
U28,U28_S4,1790802510,filter_run,14.9
U28,U28_S4,1790802568,template_used,1
U28,U28_S4,1790802568,complex_filter,1
U28,U28_S4,1790802568,filter_run,14.8
U28,U28_S4,1790802591,complex_filter,1
U28,U28_S4,1790802591,filter_run,10.1
U28,U28_S4,1790802654,complex_filter,1
U28,U28_S4,1790802654,filter_run,14.8
U28,U28_S4,1790802736,template_used,1
U28,U28_S4,1790802736,complex_filter,1
U28,U28_S4,1790802736,filter_run,16.4
U28,U28_S4,1790802794,template_used,1
U28,U28_S4,1790802794,filter_run,17.1
U29,U29_S1,1790900037,template_used,1
U29,U29_S1,1790900037,filter_run,17.5
U29,U29_S1,1790900120,complex_filter,1
U29,U29_S1,1790900120,filter_run,17.9
U29,U29_S1,1790900151,template_used,1
U29,U29_S1,1790900151,filter_run,19.3
U29,U29_S1,1790900206,template_used,1
U29,U29_S1,1790900206,complex_filter,1
U29,U29_S1,1790900206,filter_run,14.3
U29,U29_S1,1790900246,template_used,1
U29,U29_S1,1790900246,complex_filter,1
U29,U29_S1,1790900246,filter_run,20.2
U29,U29_S1,1790900270,filter_run,18.6
U29,U29_S1,1790900358,filter_run,16.8
U29,U29_S1,1790900432,template_used,1
U29,U29_S1,1790900432,filter_run,16.0
U29,U29_S1,1790900521,complex_filter,1
U29,U29_S1,1790900521,filter_run,20.1
U29,U29_S1,1790900607,filter_run,15.8
U29,U29_S1,1790900681,template_used,1
U29,U29_S1,1790900681,complex_filter,1
U29,U29_S1,1790900681,filter_run,19.3
U29,U29_S1,1790900737,filter_run,21.3
U29,U29_S2,1790900759,complex_filter,1
U29,U29_S2,1790900759,filter_run,16.5
U29,U29_S2,1790900795,template_used,1
U29,U29_S2,1790900795,complex_filter,1
U29,U29_S2,1790900795,filter_run,19.2
U29,U29_S2,1790900851,template_used,1
U29,U29_S2,1790900851,filter_run,19.2
U29,U29_S2,1790900936,complex_filter,1
U29,U29_S2,1790900936,filter_run,15.0
U29,U29_S2,1790901020,template_used,1
U29,U29_S2,1790901020,complex_filter,1
U29,U29_S2,1790901020,filter_run,16.7
U29,U29_S2,1790901093,template_used,1
U29,U29_S2,1790901093,complex_filter,1
U29,U29_S2,1790901093,filter_run,16.0
U29,U29_S2,1790901131,complex_filter,1
U29,U29_S2,1790901131,filter_run,18.1
U29,U29_S2,1790901209,template_used,1
U29,U29_S2,1790901209,complex_filter,1
U29,U29_S2,1790901209,filter_run,17.7
U29,U29_S2,1790901275,template_used,1
U29,U29_S2,1790901275,complex_filter,1
U29,U29_S2,1790901275,filter_run,19.6
U29,U29_S2,1790901323,template_used,1
U29,U29_S2,1790901323,complex_filter,1
U29,U29_S2,1790901323,filter_run,21.3
U29,U29_S2,1790901398,template_used,1
U29,U29_S2,1790901398,filter_run,15.4
U29,U29_S2,1790901432,template_used,1
U29,U29_S2,1790901432,complex_filter,1
U29,U29_S2,1790901432,filter_run,13.0
U29,U29_S2,1790901465,template_used,1
U29,U29_S2,1790901465,complex_filter,1
U29,U29_S2,1790901465,filter_run,12.9
U29,U29_S2,1790901506,template_used,1
U29,U29_S2,1790901506,complex_filter,1
U29,U29_S2,1790901506,filter_run,17.8
U29,U29_S2,1790901558,filter_run,17.6
U29,U29_S3,1790901608,template_used,1
U29,U29_S3,1790901608,filter_run,21.8
U29,U29_S3,1790901667,template_used,1
U29,U29_S3,1790901667,complex_filter,1
U29,U29_S3,1790901667,filter_run,22.1
U29,U29_S3,1790901707,template_used,1
U29,U29_S3,1790901707,complex_filter,1
U29,U29_S3,1790901707,filter_run,17.6
U29,U29_S3,1790901753,complex_filter,1
U29,U29_S3,1790901753,filter_run,15.5
U29,U29_S3,1790901817,template_used,1
U29,U29_S3,1790901817,syntax_error,1
U29,U29_S3,1790901817,complex_filter,1
U29,U29_S3,1790901817,filter_run,18.9
U29,U29_S3,1790901901,template_used,1
U29,U29_S3,1790901901,filter_run,21.0
U29,U29_S3,1790901928,template_used,1
U29,U29_S3,1790901928,complex_filter,1
U29,U29_S3,1790901928,filter_run,11.3
U29,U29_S3,1790902011,template_used,1
U29,U29_S3,1790902011,complex_filter,1
U29,U29_S3,1790902011,filter_run,11.9
U29,U29_S3,1790902073,template_used,1
U29,U29_S3,1790902073,syntax_error,1
U29,U29_S3,1790902073,complex_filter,1
U29,U29_S3,1790902073,filter_run,12.5
U29,U29_S3,1790902101,filter_run,9.2
U29,U29_S3,1790902167,template_used,1
U29,U29_S3,1790902167,complex_filter,1
U29,U29_S3,1790902167,filter_run,14.3
U29,U29_S3,1790902223,filter_run,19.4
U29,U29_S3,1790902274,template_used,1
U29,U29_S3,1790902274,filter_run,12.1
U29,U29_S3,1790902361,template_used,1
U29,U29_S3,1790902361,complex_filter,1
U29,U29_S3,1790902361,filter_run,14.4
U29,U29_S4,1790902422,template_used,1
U29,U29_S4,1790902422,complex_filter,1
U29,U29_S4,1790902422,filter_run,22.8
U29,U29_S4,1790902444,template_used,1
U29,U29_S4,1790902444,filter_run,19.1
U29,U29_S4,1790902491,template_used,1
U29,U29_S4,1790902491,complex_filter,1
U29,U29_S4,1790902491,filter_run,15.5
U29,U29_S4,1790902579,complex_filter,1
U29,U29_S4,1790902579,filter_run,10.6
U29,U29_S4,1790902632,template_used,1
U29,U29_S4,1790902632,complex_filter,1
U29,U29_S4,1790902632,filter_run,20.6
U29,U29_S4,1790902672,template_used,1
U29,U29_S4,1790902672,complex_filter,1
U29,U29_S4,1790902672,filter_run,15.8
U29,U29_S4,1790902726,filter_run,8.5
U29,U29_S4,1790902761,template_used,1
U29,U29_S4,1790902761,complex_filter,1
U29,U29_S4,1790902761,filter_run,12.2
U29,U29_S4,1790902819,template_used,1
U29,U29_S4,1790902819,filter_run,8.1
U29,U29_S4,1790902877,complex_filter,1
U29,U29_S4,1790902877,filter_run,11.1
U29,U29_S4,1790902949,template_used,1
U29,U29_S4,1790902949,complex_filter,1
U29,U29_S4,1790902949,filter_run,13.7
U29,U29_S4,1790903023,template_used,1
U29,U29_S4,1790903023,complex_filter,1
U29,U29_S4,1790903023,filter_run,23.6
U30,U30_S1,1791000057,template_used,1
U30,U30_S1,1791000057,complex_filter,1
U30,U30_S1,1791000057,filter_run,17.5
U30,U30_S1,1791000114,template_used,1
U30,U30_S1,1791000114,filter_run,15.7
U30,U30_S1,1791000204,template_used,1
U30,U30_S1,1791000204,complex_filter,1
U30,U30_S1,1791000204,filter_run,11.0
U30,U30_S1,1791000254,template_used,1
U30,U30_S1,1791000254,complex_filter,1
U30,U30_S1,1791000254,filter_run,15.9
U30,U30_S1,1791000299,template_used,1
U30,U30_S1,1791000299,filter_run,18.9
U30,U30_S1,1791000351,template_used,1
U30,U30_S1,1791000351,complex_filter,1
U30,U30_S1,1791000351,filter_run,17.2
U30,U30_S1,1791000374,template_used,1
U30,U30_S1,1791000374,complex_filter,1
U30,U30_S1,1791000374,filter_run,19.7
U30,U30_S1,1791000457,template_used,1
U30,U30_S1,1791000457,complex_filter,1
U30,U30_S1,1791000457,filter_run,13.0
U30,U30_S1,1791000491,template_used,1
U30,U30_S1,1791000491,complex_filter,1
U30,U30_S1,1791000491,filter_run,13.7
U30,U30_S1,1791000521,template_used,1
U30,U30_S1,1791000521,syntax_error,1
U30,U30_S1,1791000521,complex_filter,1
U30,U30_S1,1791000521,filter_run,16.0
U30,U30_S1,1791000596,template_used,1
U30,U30_S1,1791000596,filter_run,14.7
U30,U30_S2,1791000636,complex_filter,1
U30,U30_S2,1791000636,filter_run,17.2
U30,U30_S2,1791000707,template_used,1
U30,U30_S2,1791000707,complex_filter,1
U30,U30_S2,1791000707,filter_run,14.4
U30,U30_S2,1791000756,template_used,1
U30,U30_S2,1791000756,complex_filter,1
U30,U30_S2,1791000756,filter_run,18.4
U30,U30_S2,1791000778,template_used,1
U30,U30_S2,1791000778,complex_filter,1
U30,U30_S2,1791000778,filter_run,15.6
U30,U30_S2,1791000829,template_used,1
U30,U30_S2,1791000829,complex_filter,1
U30,U30_S2,1791000829,filter_run,16.1
U30,U30_S2,1791000868,syntax_error,1
U30,U30_S2,1791000868,complex_filter,1
U30,U30_S2,1791000868,filter_run,18.5
U30,U30_S2,1791000953,template_used,1
U30,U30_S2,1791000953,complex_filter,1
U30,U30_S2,1791000953,filter_run,13.7
U30,U30_S2,1791000976,template_used,1
U30,U30_S2,1791000976,complex_filter,1
U30,U30_S2,1791000976,filter_run,12.2
U30,U30_S2,1791001066,template_used,1
U30,U30_S2,1791001066,complex_filter,1
U30,U30_S2,1791001066,filter_run,13.7
U30,U30_S2,1791001112,template_used,1
U30,U30_S2,1791001112,complex_filter,1
U30,U30_S2,1791001112,filter_run,16.1
U30,U30_S2,1791001167,template_used,1
U30,U30_S2,1791001167,complex_filter,1
U30,U30_S2,1791001167,filter_run,18.0
U30,U30_S2,1791001235,template_used,1
U30,U30_S2,1791001235,complex_filter,1
U30,U30_S2,1791001235,filter_run,13.7
U30,U30_S2,1791001325,template_used,1
U30,U30_S2,1791001325,complex_filter,1
U30,U30_S2,1791001325,filter_run,16.9
U30,U30_S2,1791001356,semantic_error,1
U30,U30_S2,1791001356,filter_run,17.4
U30,U30_S3,1791001377,template_used,1
U30,U30_S3,1791001377,complex_filter,1
U30,U30_S3,1791001377,filter_run,13.7
U30,U30_S3,1791001403,template_used,1
U30,U30_S3,1791001403,complex_filter,1
U30,U30_S3,1791001403,filter_run,16.1
U30,U30_S3,1791001458,complex_filter,1
U30,U30_S3,1791001458,filter_run,15.2
U30,U30_S3,1791001492,template_used,1
U30,U30_S3,1791001492,complex_filter,1
U30,U30_S3,1791001492,filter_run,12.2
U30,U30_S3,1791001571,filter_run,11.9
U30,U30_S3,1791001650,template_used,1
U30,U30_S3,1791001650,complex_filter,1
U30,U30_S3,1791001650,filter_run,12.2
U30,U30_S3,1791001684,complex_filter,1
U30,U30_S3,1791001684,filter_run,17.9
U30,U30_S3,1791001757,template_used,1
U30,U30_S3,1791001757,complex_filter,1
U30,U30_S3,1791001757,filter_run,16.7
U30,U30_S3,1791001822,semantic_error,1
U30,U30_S3,1791001822,complex_filter,1
U30,U30_S3,1791001822,filter_run,15.6
U30,U30_S3,1791001885,template_used,1
U30,U30_S3,1791001885,complex_filter,1
U30,U30_S3,1791001885,filter_run,9.8
U30,U30_S3,1791001937,template_used,1
U30,U30_S3,1791001937,complex_filter,1
U30,U30_S3,1791001937,filter_run,16.2
U30,U30_S3,1791001983,complex_filter,1
U30,U30_S3,1791001983,filter_run,13.9
U30,U30_S3,1791002045,template_used,1
U30,U30_S3,1791002045,complex_filter,1
U30,U30_S3,1791002045,filter_run,15.2
U30,U30_S3,1791002072,template_used,1
U30,U30_S3,1791002072,complex_filter,1
U30,U30_S3,1791002072,filter_run,21.2
U30,U30_S3,1791002153,template_used,1
U30,U30_S3,1791002153,complex_filter,1
U30,U30_S3,1791002153,filter_run,13.1
U30,U30_S4,1791002243,template_used,1
U30,U30_S4,1791002243,complex_filter,1
U30,U30_S4,1791002243,filter_run,11.6
U30,U30_S4,1791002274,template_used,1
U30,U30_S4,1791002274,complex_filter,1
U30,U30_S4,1791002274,filter_run,13.8
U30,U30_S4,1791002355,template_used,1
U30,U30_S4,1791002355,complex_filter,1
U30,U30_S4,1791002355,filter_run,13.2
U30,U30_S4,1791002382,template_used,1
U30,U30_S4,1791002382,complex_filter,1
U30,U30_S4,1791002382,filter_run,18.1
U30,U30_S4,1791002419,complex_filter,1
U30,U30_S4,1791002419,filter_run,19.4
U30,U30_S4,1791002447,template_used,1
U30,U30_S4,1791002447,complex_filter,1
U30,U30_S4,1791002447,filter_run,12.2
U30,U30_S4,1791002519,template_used,1
U30,U30_S4,1791002519,complex_filter,1
U30,U30_S4,1791002519,filter_run,13.1
U30,U30_S4,1791002584,template_used,1
U30,U30_S4,1791002584,complex_filter,1
U30,U30_S4,1791002584,filter_run,10.0
U30,U30_S4,1791002635,complex_filter,1
U30,U30_S4,1791002635,filter_run,14.0
U30,U30_S4,1791002706,template_used,1
U30,U30_S4,1791002706,complex_filter,1
U30,U30_S4,1791002706,filter_run,15.5
U30,U30_S4,1791002768,template_used,1
U30,U30_S4,1791002768,complex_filter,1
U30,U30_S4,1791002768,filter_run,13.1
U30,U30_S4,1791002819,template_used,1
U30,U30_S4,1791002819,complex_filter,1
U30,U30_S4,1791002819,filter_run,13.1
